CREATE DATABASE  IF NOT EXISTS `grape` /*!40100 DEFAULT CHARACTER SET utf8 */;
USE `grape`;
-- MySQL dump 10.13  Distrib 5.6.17, for Win64 (x86_64)
--
-- Host: 127.0.0.1    Database: grape
-- ------------------------------------------------------
-- Server version	5.5.20

/*!40101 SET @OLD_CHARACTER_SET_CLIENT=@@CHARACTER_SET_CLIENT */;
/*!40101 SET @OLD_CHARACTER_SET_RESULTS=@@CHARACTER_SET_RESULTS */;
/*!40101 SET @OLD_COLLATION_CONNECTION=@@COLLATION_CONNECTION */;
/*!40101 SET NAMES utf8 */;
/*!40103 SET @OLD_TIME_ZONE=@@TIME_ZONE */;
/*!40103 SET TIME_ZONE='+00:00' */;
/*!40014 SET @OLD_UNIQUE_CHECKS=@@UNIQUE_CHECKS, UNIQUE_CHECKS=0 */;
/*!40014 SET @OLD_FOREIGN_KEY_CHECKS=@@FOREIGN_KEY_CHECKS, FOREIGN_KEY_CHECKS=0 */;
/*!40101 SET @OLD_SQL_MODE=@@SQL_MODE, SQL_MODE='NO_AUTO_VALUE_ON_ZERO' */;
/*!40111 SET @OLD_SQL_NOTES=@@SQL_NOTES, SQL_NOTES=0 */;

--
-- Table structure for table `bc_dict_city`
--

DROP TABLE IF EXISTS `bc_dict_city`;
/*!40101 SET @saved_cs_client     = @@character_set_client */;
/*!40101 SET character_set_client = utf8 */;
CREATE TABLE `bc_dict_city` (
  `id` int(10) unsigned NOT NULL AUTO_INCREMENT,
  `city_name` varchar(100) DEFAULT NULL COMMENT '城市名字',
  `region_code` int(6) DEFAULT NULL COMMENT '城市编码',
  `province_id` int(10) DEFAULT NULL COMMENT '省份编码',
  `status` tinyint(1) DEFAULT '1',
  `level` tinyint(2) DEFAULT '0' COMMENT '城市级别\n5特级 4一级 3二级 2三级A 1三级B',
  `shorthand` varchar(45) DEFAULT NULL COMMENT '简写',
  PRIMARY KEY (`id`)
) ENGINE=InnoDB AUTO_INCREMENT=373 DEFAULT CHARSET=utf8 COMMENT='城市表';
/*!40101 SET character_set_client = @saved_cs_client */;

--
-- Dumping data for table `bc_dict_city`
--

LOCK TABLES `bc_dict_city` WRITE;
/*!40000 ALTER TABLE `bc_dict_city` DISABLE KEYS */;
INSERT INTO `bc_dict_city` VALUES (1,'北京市',110100,1,1,5,'BJ'),(2,'县',110200,1,1,0,'X'),(3,'天津市',120100,2,1,4,'TJ'),(4,'县',120200,2,1,0,'X'),(5,'石家庄市',130100,3,1,3,'SJZ'),(6,'唐山市',130200,3,1,2,'TS'),(7,'秦皇岛市',130300,3,1,2,'QHD'),(8,'邯郸市',130400,3,1,2,'HD'),(9,'邢台市',130500,3,1,1,'XT'),(10,'保定市',130600,3,1,2,'BD'),(11,'张家口市',130700,3,1,1,'ZJK'),(12,'承德市',130800,3,1,1,'CD'),(13,'沧州市',130900,3,1,1,'CZ'),(14,'廊坊市',131000,3,1,2,'LF'),(15,'衡水市',131100,3,1,1,'HS'),(16,'太原市',140100,4,1,3,'TY'),(17,'大同市',140200,4,1,2,'DT'),(18,'阳泉市',140300,4,1,2,'YQ'),(19,'长治市',140400,4,1,2,'CZ'),(20,'晋城市',140500,4,1,1,'JC'),(21,'朔州市',140600,4,1,1,'SZ'),(22,'晋中市',140700,4,1,1,'JZ'),(23,'运城市',140800,4,1,2,'YC'),(24,'忻州市',140900,4,1,1,'XZ'),(25,'临汾市',141000,4,1,2,'LF'),(26,'吕梁市',141100,4,1,2,'LL'),(27,'呼和浩特市',150100,5,1,3,'HHHT'),(28,'包头市',150200,5,1,3,'BT'),(29,'乌海市',150300,5,1,1,'WH'),(30,'赤峰市',150400,5,1,1,'CF'),(31,'通辽市',150500,5,1,1,'TL'),(32,'鄂尔多斯市',150600,5,1,1,'EEDS'),(33,'呼伦贝尔市',150700,5,1,1,'HLBE'),(34,'巴彦淖尔市',150800,5,1,1,'BYNE'),(35,'乌兰察布市',150900,5,1,1,'WLCB'),(36,'兴安盟',152200,5,1,1,'XAM'),(37,'锡林郭勒盟',152500,5,1,1,'XLGLM'),(38,'阿拉善盟',152900,5,1,1,'ALSM'),(39,'沈阳市',210100,6,1,4,'SY'),(40,'大连市',210200,6,1,4,'DL'),(41,'鞍山市',210300,6,1,2,'AS'),(42,'抚顺市',210400,6,1,2,'FS'),(43,'本溪市',210500,6,1,2,'BX'),(44,'丹东市',210600,6,1,1,'DD'),(45,'锦州市',210700,6,1,2,'JZ'),(46,'营口市',210800,6,1,1,'YK'),(47,'阜新市',210900,6,1,1,'FX'),(48,'辽阳市',211000,6,1,1,'LY'),(49,'盘锦市',211100,6,1,1,'PJ'),(50,'铁岭市',211200,6,1,1,'TL'),(51,'朝阳市',211300,6,1,1,'CY'),(52,'葫芦岛市',211400,6,1,1,'HLD'),(53,'长春市',220100,7,1,3,'CC'),(54,'吉林市',220200,7,1,2,'JL'),(55,'四平市',220300,7,1,2,'SP'),(56,'辽源市',220400,7,1,1,'LY'),(57,'通化市',220500,7,1,1,'TH'),(58,'白山市',220600,7,1,1,'BS'),(59,'松原市',220700,7,1,1,'SY'),(60,'白城市',220800,7,1,1,'BC'),(61,'延边朝鲜族自治州',222400,7,1,1,'YBCXZ'),(62,'哈尔滨市',230100,8,1,4,'HEB'),(63,'齐齐哈尔市',230200,8,1,2,'QQHE'),(64,'鸡西市',230300,8,1,1,'JX'),(65,'鹤岗市',230400,8,1,1,'HG'),(66,'双鸭山市',230500,8,1,1,'SYS'),(67,'大庆市',230600,8,1,2,'DQ'),(68,'伊春市',230700,8,1,1,'YC'),(69,'佳木斯市',230800,8,1,2,'JMS'),(70,'七台河市',230900,8,1,1,'QTH'),(71,'牡丹江市',231000,8,1,2,'MDJ'),(72,'黑河市',231100,8,1,1,'HH'),(73,'绥化市',231200,8,1,1,'SH'),(74,'大兴安岭地区',232700,8,1,1,'DXALDQ'),(75,'上海市',310100,9,1,5,'SH'),(76,'县',310200,9,1,5,'X'),(77,'南京市',320100,10,1,4,'NJ'),(78,'无锡市',320200,10,1,4,'WX'),(79,'徐州市',320300,10,1,3,'XZ'),(80,'常州市',320400,10,1,3,'CZ'),(81,'苏州市',320500,10,1,4,'SZ'),(82,'南通市',320600,10,1,3,'NT'),(83,'连云港市',320700,10,1,2,'LYG'),(84,'淮安市',320800,10,1,1,'HA'),(85,'盐城市',320900,10,1,1,'YC'),(86,'扬州市',321000,10,1,3,'YZ'),(87,'镇江市',321100,10,1,2,'ZJ'),(88,'泰州市',321200,10,1,1,'TZ'),(89,'宿迁市',321300,10,1,1,'SQ'),(90,'杭州市',330100,11,1,4,'HZ'),(91,'宁波市',330200,11,1,4,'NB'),(92,'温州市',330300,11,1,3,'WZ'),(93,'嘉兴市',330400,11,1,3,'JX'),(94,'湖州市',330500,11,1,2,'HZ'),(95,'绍兴市',330600,11,1,3,'SX'),(96,'金华市',330700,11,1,3,'JH'),(97,'衢州市',330800,11,1,1,'Z'),(98,'舟山市',330900,11,1,1,'ZS'),(99,'台州市',331000,11,1,3,'TZ'),(100,'丽水市',331100,11,1,2,'LS'),(101,'合肥市',340100,12,1,2,'HF'),(102,'芜湖市',340200,12,1,2,'WH'),(103,'蚌埠市',340300,12,1,2,'BB'),(104,'淮南市',340400,12,1,1,'HN'),(105,'马鞍山市',340500,12,1,2,'MAS'),(106,'淮北市',340600,12,1,1,'HB'),(107,'铜陵市',340700,12,1,1,'TL'),(108,'安庆市',340800,12,1,2,'AQ'),(109,'黄山市',341000,12,1,1,'HS'),(110,'滁州市',341100,12,1,1,'CZ'),(111,'阜阳市',341200,12,1,1,'FY'),(112,'宿州市',341300,12,1,1,'SZ'),(113,'六安市',341500,12,1,1,'LA'),(114,'亳州市',341600,12,1,1,'Z'),(115,'池州市',341700,12,1,1,'CZ'),(116,'宣城市',341800,12,1,1,'XC'),(117,'福州市',350100,13,1,4,'FZ'),(118,'厦门市',350200,13,1,4,'XM'),(119,'莆田市',350300,13,1,2,'PT'),(120,'三明市',350400,13,1,1,'SM'),(121,'泉州市',350500,13,1,3,'QZ'),(122,'漳州市',350600,13,1,2,'ZZ'),(123,'南平市',350700,13,1,1,'NP'),(124,'龙岩市',350800,13,1,1,'LY'),(125,'宁德市',350900,13,1,1,'ND'),(126,'南昌市',360100,14,1,3,'NC'),(127,'景德镇市',360200,14,1,2,'JDZ'),(128,'萍乡市',360300,14,1,1,'PX'),(129,'九江市',360400,14,1,2,'JJ'),(130,'新余市',360500,14,1,1,'XY'),(131,'鹰潭市',360600,14,1,2,'YT'),(132,'赣州市',360700,14,1,1,'GZ'),(133,'吉安市',360800,14,1,1,'JA'),(134,'宜春市',360900,14,1,1,'YC'),(135,'抚州市',361000,14,1,1,'FZ'),(136,'上饶市',361100,14,1,1,'SR'),(137,'济南市',370100,15,1,4,'JN'),(138,'青岛市',370200,15,1,4,'QD'),(139,'淄博市',370300,15,1,1,'ZB'),(140,'枣庄市',370400,15,1,1,'ZZ'),(141,'东营市',370500,15,1,2,'DY'),(142,'烟台市',370600,15,1,3,'YT'),(143,'潍坊市',370700,15,1,2,'WF'),(144,'济宁市',370800,15,1,1,'JN'),(145,'泰安市',370900,15,1,2,'TA'),(146,'威海市',371000,15,1,2,'WH'),(147,'日照市',371100,15,1,1,'RZ'),(148,'莱芜市',371200,15,1,1,'LW'),(149,'临沂市',371300,15,1,1,'LY'),(150,'德州市',371400,15,1,1,'DZ'),(151,'聊城市',371500,15,1,1,'LC'),(152,'滨州市',371600,15,1,2,'BZ'),(153,'菏泽市',371700,15,1,1,'HZ'),(154,'郑州市',410100,16,1,3,'ZZ'),(155,'开封市',410200,16,1,2,'KF'),(156,'洛阳市',410300,16,1,2,'LY'),(157,'平顶山市',410400,16,1,2,'PDS'),(158,'安阳市',410500,16,1,1,'AY'),(159,'鹤壁市',410600,16,1,1,'HB'),(160,'新乡市',410700,16,1,1,'XX'),(161,'焦作市',410800,16,1,1,'JZ'),(162,'濮阳市',410900,16,1,1,'Y'),(163,'许昌市',411000,16,1,1,'XC'),(164,'漯河市',411100,16,1,2,'H'),(165,'三门峡市',411200,16,1,1,'SMX'),(166,'南阳市',411300,16,1,1,'NY'),(167,'商丘市',411400,16,1,1,'SQ'),(168,'信阳市',411500,16,1,1,'XY'),(169,'周口市',411600,16,1,1,'ZK'),(170,'驻马店市',411700,16,1,1,'ZMD'),(171,'省直辖县级行政区划',419000,16,1,2,'SZXXJXZQH'),(172,'武汉市',420100,17,1,4,'WH'),(173,'黄石市',420200,17,1,1,'HS'),(174,'十堰市',420300,17,1,2,'SY'),(175,'宜昌市',420500,17,1,2,'YC'),(176,'襄阳市',420600,17,1,2,'XY'),(177,'鄂州市',420700,17,1,1,'EZ'),(178,'荆门市',420800,17,1,1,'JM'),(179,'孝感市',420900,17,1,1,'XG'),(180,'荆州市',421000,17,1,1,'JZ'),(181,'黄冈市',421100,17,1,1,'HG'),(182,'咸宁市',421200,17,1,1,'XN'),(183,'随州市',421300,17,1,1,'SZ'),(184,'恩施土家族苗族自治州',422800,17,1,2,'ESTJZMZ'),(185,'省直辖县级行政区划',429000,17,1,2,'SZXXJXZQH'),(186,'长沙市',430100,18,1,4,'CS'),(187,'株洲市',430200,18,1,2,'ZZ'),(188,'湘潭市',430300,18,1,2,'XT'),(189,'衡阳市',430400,18,1,2,'HY'),(190,'邵阳市',430500,18,1,2,'SY'),(191,'岳阳市',430600,18,1,1,'YY'),(192,'常德市',430700,18,1,1,'CD'),(193,'张家界市',430800,18,1,1,'ZJJ'),(194,'益阳市',430900,18,1,1,'YY'),(195,'郴州市',431000,18,1,1,'CZ'),(196,'永州市',431100,18,1,1,'YZ'),(197,'怀化市',431200,18,1,1,'HH'),(198,'娄底市',431300,18,1,1,'LD'),(199,'湘西土家族苗族自治州',433100,18,1,2,'XXTJZMZ'),(200,'广州市',440100,19,1,5,'GZ'),(201,'韶关市',440200,19,1,2,'SG'),(202,'深圳市',440300,19,1,5,'S'),(203,'珠海市',440400,19,1,2,'ZH'),(204,'汕头市',440500,19,1,2,'ST'),(205,'佛山市',440600,19,1,3,'FS'),(206,'江门市',440700,19,1,2,'JM'),(207,'湛江市',440800,19,1,1,'ZJ'),(208,'茂名市',440900,19,1,2,'MM'),(209,'肇庆市',441200,19,1,1,'ZQ'),(210,'惠州市',441300,19,1,1,'HZ'),(211,'梅州市',441400,19,1,1,'MZ'),(212,'汕尾市',441500,19,1,1,'SW'),(213,'河源市',441600,19,1,1,'HY'),(214,'阳江市',441700,19,1,1,'YJ'),(215,'清远市',441800,19,1,1,'QY'),(216,'东莞市',441900,19,1,3,'D'),(217,'中山市',442000,19,1,2,'ZS'),(218,'潮州市',445100,19,1,2,'CZ'),(219,'揭阳市',445200,19,1,1,'JY'),(220,'云浮市',445300,19,1,1,'YF'),(221,'南宁市',450100,20,1,3,'NN'),(222,'柳州市',450200,20,1,2,'LZ'),(223,'桂林市',450300,20,1,2,'GL'),(224,'梧州市',450400,20,1,1,'WZ'),(225,'北海市',450500,20,1,2,'BH'),(226,'防城港市',450600,20,1,1,'FCG'),(227,'钦州市',450700,20,1,1,'QZ'),(228,'贵港市',450800,20,1,1,'GG'),(229,'玉林市',450900,20,1,1,'YL'),(230,'百色市',451000,20,1,2,'BS'),(231,'贺州市',451100,20,1,2,'HZ'),(232,'河池市',451200,20,1,2,'HC'),(233,'来宾市',451300,20,1,2,'LB'),(234,'崇左市',451400,20,1,2,'CZ'),(235,'海口市',460100,21,1,3,'HK'),(236,'三亚市',460200,21,1,3,'SY'),(237,'三沙市',460300,21,1,3,'SS'),(238,'省直辖县级行政区划',469000,21,1,3,'SZXXJXZQH'),(239,'重庆市',500100,22,1,4,'ZQ'),(240,'县',500200,22,1,4,'X'),(241,'成都市',510100,23,1,4,'CD'),(242,'自贡市',510300,23,1,2,'ZG'),(243,'攀枝花市',510400,23,1,2,'PZH'),(244,'泸州市',510500,23,1,1,'Z'),(245,'德阳市',510600,23,1,1,'DY'),(246,'绵阳市',510700,23,1,3,'MY'),(247,'广元市',510800,23,1,1,'GY'),(248,'遂宁市',510900,23,1,1,'SN'),(249,'内江市',511000,23,1,1,'NJ'),(250,'乐山市',511100,23,1,2,'LS'),(251,'南充市',511300,23,1,2,'NC'),(252,'眉山市',511400,23,1,1,'MS'),(253,'宜宾市',511500,23,1,2,'YB'),(254,'广安市',511600,23,1,1,'GA'),(255,'达州市',511700,23,1,1,'DZ'),(256,'雅安市',511800,23,1,1,'YA'),(257,'巴中市',511900,23,1,1,'BZ'),(258,'资阳市',512000,23,1,1,'ZY'),(259,'阿坝藏族羌族自治州',513200,23,1,2,'ABCZQZ'),(260,'甘孜藏族自治州',513300,23,1,2,'GZCZ'),(261,'凉山彝族自治州',513400,23,1,2,'LSYZ'),(262,'贵阳市',520100,24,1,3,'GY'),(263,'六盘水市',520200,24,1,1,'LPS'),(264,'遵义市',520300,24,1,2,'ZY'),(265,'安顺市',520400,24,1,1,'AS'),(266,'毕节市',520500,24,1,2,'BJ'),(267,'铜仁市',520600,24,1,2,'TR'),(268,'黔西南布依族苗族自治州',522300,24,1,2,'QXNBYZMZ'),(269,'黔东南苗族侗族自治州',522600,24,1,2,'QDNMZDZ'),(270,'黔南布依族苗族自治州',522700,24,1,2,'QNBYZMZ'),(271,'昆明市',530100,25,1,3,'KM'),(272,'曲靖市',530300,25,1,2,'QJ'),(273,'玉溪市',530400,25,1,2,'YX'),(274,'保山市',530500,25,1,2,'BS'),(275,'昭通市',530600,25,1,1,'ZT'),(276,'丽江市',530700,25,1,2,'LJ'),(277,'普洱市',530800,25,1,2,'PE'),(278,'临沧市',530900,25,1,2,'LC'),(279,'楚雄彝族自治州',532300,25,1,2,'CXYZ'),(280,'红河哈尼族彝族自治州',532500,25,1,2,'HHHNZYZ'),(281,'文山壮族苗族自治州',532600,25,1,2,'WSZZMZ'),(282,'西双版纳傣族自治州',532800,25,1,2,'XSBNDZ'),(283,'大理白族自治州',532900,25,1,2,'DLBZ'),(284,'德宏傣族景颇族自治州',533100,25,1,2,'DHDZJPZ'),(285,'怒江傈僳族自治州',533300,25,1,2,'NJLSZ'),(286,'迪庆藏族自治州',533400,25,1,2,'DQCZ'),(287,'拉萨市',540100,26,1,3,'LS'),(288,'昌都地区',542100,26,1,1,'CDDQ'),(289,'山南地区',542200,26,1,1,'SNDQ'),(290,'日喀则地区',542300,26,1,1,'RKZDQ'),(291,'那曲地区',542400,26,1,1,'NQDQ'),(292,'阿里地区',542500,26,1,1,'ALDQ'),(293,'林芝地区',542600,26,1,1,'LZDQ'),(294,'西安市',610100,27,1,3,'XA'),(295,'铜川市',610200,27,1,2,'TC'),(296,'宝鸡市',610300,27,1,2,'BJ'),(297,'咸阳市',610400,27,1,2,'XY'),(298,'渭南市',610500,27,1,1,'WN'),(299,'延安市',610600,27,1,1,'YA'),(300,'汉中市',610700,27,1,2,'HZ'),(301,'榆林市',610800,27,1,1,'YL'),(302,'安康市',610900,27,1,1,'AK'),(303,'商洛市',611000,27,1,1,'SL'),(304,'兰州市',620100,28,1,3,'LZ'),(305,'嘉峪关市',620200,28,1,1,'JYG'),(306,'金昌市',620300,28,1,1,'JC'),(307,'白银市',620400,28,1,1,'BY'),(308,'天水市',620500,28,1,1,'TS'),(309,'武威市',620600,28,1,1,'WW'),(310,'张掖市',620700,28,1,1,'ZY'),(311,'平凉市',620800,28,1,1,'PL'),(312,'酒泉市',620900,28,1,1,'JQ'),(313,'庆阳市',621000,28,1,1,'QY'),(314,'定西市',621100,28,1,1,'DX'),(315,'陇南市',621200,28,1,1,'LN'),(316,'临夏回族自治州',622900,28,1,1,'LXHZ'),(317,'甘南藏族自治州',623000,28,1,1,'GNCZ'),(318,'西宁市',630100,29,1,3,'XN'),(319,'海东市',630200,29,1,1,'HD'),(320,'海北藏族自治州',632200,29,1,1,'HBCZ'),(321,'黄南藏族自治州',632300,29,1,1,'HNCZ'),(322,'海南藏族自治州',632500,29,1,1,'HNCZ'),(323,'果洛藏族自治州',632600,29,1,1,'GLCZ'),(324,'玉树藏族自治州',632700,29,1,1,'YSCZ'),(325,'海西蒙古族藏族自治州',632800,29,1,1,'HXMGZCZ'),(326,'银川市',640100,30,1,3,'YC'),(327,'石嘴山市',640200,30,1,1,'SZS'),(328,'吴忠市',640300,30,1,1,'WZ'),(329,'固原市',640400,30,1,1,'GY'),(330,'中卫市',640500,30,1,1,'ZW'),(331,'乌鲁木齐市',650100,31,1,3,'WLMQ'),(332,'克拉玛依市',650200,31,1,1,'KLMY'),(333,'吐鲁番地区',652100,31,1,1,'TLFDQ'),(334,'哈密地区',652200,31,1,1,'HMDQ'),(335,'昌吉回族自治州',652300,31,1,1,'CJHZ'),(336,'博尔塔拉蒙古自治州',652700,31,1,1,'BETLMG'),(337,'巴音郭楞蒙古自治州',652800,31,1,1,'BYGLMG'),(338,'阿克苏地区',652900,31,1,1,'AKSDQ'),(339,'克孜勒苏柯尔克孜自治州',653000,31,1,1,'KZLSKEKZ'),(340,'喀什地区',653100,31,1,1,'KSDQ'),(341,'和田地区',653200,31,1,1,'HTDQ'),(342,'伊犁哈萨克自治州',654000,31,1,1,'YLHSK'),(343,'塔城地区',654200,31,1,1,'TCDQ'),(344,'阿勒泰地区',654300,31,1,1,'ALTDQ'),(345,'自治区直辖县级行政区划',659000,31,1,1,'ZZQZXXJXZQH'),(346,'澳门半岛',820100,34,1,1,'AMBD'),(347,'离岛',820200,34,1,1,'LD'),(348,'无堂区',820300,34,1,1,'WTQ'),(349,'台北市',710001,32,1,1,'TBS'),(350,'新北市',710002,32,1,1,'XBS'),(351,'台中市',710003,32,1,1,'TZS'),(352,'台南市',710004,32,1,1,'TNS'),(353,'高雄市',710005,32,1,1,'GXS'),(354,'基隆市',710006,32,1,1,'JLS'),(355,'新竹市',710007,32,1,1,'XZS'),(356,'嘉义市',710008,32,1,1,'JYS'),(357,'桃园县',710009,32,1,1,'TYX'),(358,'新竹县',710010,32,1,1,'XZX'),(359,'嘉义县',710011,32,1,1,'JYX'),(360,'台东县',710012,32,1,1,'TDX'),(361,'澎湖县',710013,32,1,1,'PHX'),(362,'彰化县',710014,32,1,1,'ZHX'),(363,'宜兰县',710015,32,1,1,'YLX'),(364,'屏东县',710016,32,1,1,'PDX'),(365,'花莲县',710017,32,1,1,'HLX'),(366,'苗栗县',710018,32,1,1,'MLX'),(367,'云林县',710019,32,1,1,'YLX'),(368,'南投县',710020,32,1,1,'NTX'),(369,'嘉义县',710021,32,1,1,'JYX'),(370,'香港岛',810100,33,1,1,'XGD'),(371,'九龙半岛',810200,33,1,1,'JLBD'),(372,'新界',810300,33,1,1,'XJ');
/*!40000 ALTER TABLE `bc_dict_city` ENABLE KEYS */;
UNLOCK TABLES;

--
-- Table structure for table `bc_dict_district`
--

DROP TABLE IF EXISTS `bc_dict_district`;
/*!40101 SET @saved_cs_client     = @@character_set_client */;
/*!40101 SET character_set_client = utf8 */;
CREATE TABLE `bc_dict_district` (
  `id` int(10) unsigned NOT NULL AUTO_INCREMENT,
  `district_name` varchar(100) DEFAULT NULL COMMENT '地区名字',
  `region_code` int(6) DEFAULT NULL COMMENT '地区编码',
  `city_id` int(10) DEFAULT NULL COMMENT '城市id',
  `province_id` int(10) DEFAULT NULL COMMENT '省份id',
  `status` tinyint(1) DEFAULT '1',
  PRIMARY KEY (`id`)
) ENGINE=InnoDB AUTO_INCREMENT=3163 DEFAULT CHARSET=utf8 COMMENT='地区表';
/*!40101 SET character_set_client = @saved_cs_client */;

--
-- Dumping data for table `bc_dict_district`
--

LOCK TABLES `bc_dict_district` WRITE;
/*!40000 ALTER TABLE `bc_dict_district` DISABLE KEYS */;
INSERT INTO `bc_dict_district` VALUES (1,'东城区',110101,1,1,1),(2,'西城区',110102,1,1,1),(3,'朝阳区',110105,1,1,1),(4,'丰台区',110106,1,1,1),(5,'石景山区',110107,1,1,1),(6,'海淀区',110108,1,1,1),(7,'门头沟区',110109,1,1,1),(8,'房山区',110111,1,1,1),(9,'通州区',110112,1,1,1),(10,'顺义区',110113,1,1,1),(11,'昌平区',110114,1,1,1),(12,'大兴区',110115,1,1,1),(13,'怀柔区',110116,1,1,1),(14,'平谷区',110117,1,1,1),(15,'密云县',110228,2,1,1),(16,'延庆县',110229,2,1,1),(17,'和平区',120101,3,2,1),(18,'河东区',120102,3,2,1),(19,'河西区',120103,3,2,1),(20,'南开区',120104,3,2,1),(21,'河北区',120105,3,2,1),(22,'红桥区',120106,3,2,1),(23,'东丽区',120110,3,2,1),(24,'西青区',120111,3,2,1),(25,'津南区',120112,3,2,1),(26,'北辰区',120113,3,2,1),(27,'武清区',120114,3,2,1),(28,'宝坻区',120115,3,2,1),(29,'滨海新区',120116,3,2,1),(30,'宁河县',120221,4,2,1),(31,'静海县',120223,4,2,1),(32,'蓟县',120225,4,2,1),(33,'石家庄市',130101,5,3,1),(34,'长安区',130102,5,3,1),(35,'桥东区',130103,5,3,1),(36,'桥西区',130104,5,3,1),(37,'新华区',130105,5,3,1),(38,'井陉矿区',130107,5,3,1),(39,'裕华区',130108,5,3,1),(40,'井陉县',130121,5,3,1),(41,'正定县',130123,5,3,1),(42,'栾城县',130124,5,3,1),(43,'行唐县',130125,5,3,1),(44,'灵寿县',130126,5,3,1),(45,'高邑县',130127,5,3,1),(46,'深泽县',130128,5,3,1),(47,'赞皇县',130129,5,3,1),(48,'无极县',130130,5,3,1),(49,'平山县',130131,5,3,1),(50,'元氏县',130132,5,3,1),(51,'赵县',130133,5,3,1),(52,'辛集市',130181,5,3,1),(53,'藁城市',130182,5,3,1),(54,'晋州市',130183,5,3,1),(55,'新乐市',130184,5,3,1),(56,'鹿泉市',130185,5,3,1),(57,'唐山市',130201,6,3,1),(58,'路南区',130202,6,3,1),(59,'路北区',130203,6,3,1),(60,'古冶区',130204,6,3,1),(61,'开平区',130205,6,3,1),(62,'丰南区',130207,6,3,1),(63,'丰润区',130208,6,3,1),(64,'曹妃甸区',130209,6,3,1),(65,'滦县',130223,6,3,1),(66,'滦南县',130224,6,3,1),(67,'乐亭县',130225,6,3,1),(68,'迁西县',130227,6,3,1),(69,'玉田县',130229,6,3,1),(70,'遵化市',130281,6,3,1),(71,'迁安市',130283,6,3,1),(72,'秦皇岛市',130301,7,3,1),(73,'海港区',130302,7,3,1),(74,'山海关区',130303,7,3,1),(75,'北戴河区',130304,7,3,1),(76,'青龙满族自治县',130321,7,3,1),(77,'昌黎县',130322,7,3,1),(78,'抚宁县',130323,7,3,1),(79,'卢龙县',130324,7,3,1),(80,'邯郸市',130401,8,3,1),(81,'邯山区',130402,8,3,1),(82,'丛台区',130403,8,3,1),(83,'复兴区',130404,8,3,1),(84,'峰峰矿区',130406,8,3,1),(85,'邯郸县',130421,8,3,1),(86,'临漳县',130423,8,3,1),(87,'成安县',130424,8,3,1),(88,'大名县',130425,8,3,1),(89,'涉县',130426,8,3,1),(90,'磁县',130427,8,3,1),(91,'肥乡县',130428,8,3,1),(92,'永年县',130429,8,3,1),(93,'邱县',130430,8,3,1),(94,'鸡泽县',130431,8,3,1),(95,'广平县',130432,8,3,1),(96,'馆陶县',130433,8,3,1),(97,'魏县',130434,8,3,1),(98,'曲周县',130435,8,3,1),(99,'武安市',130481,8,3,1),(100,'邢台市',130501,9,3,1),(101,'桥东区',130502,9,3,1),(102,'桥西区',130503,9,3,1),(103,'邢台县',130521,9,3,1),(104,'临城县',130522,9,3,1),(105,'内丘县',130523,9,3,1),(106,'柏乡县',130524,9,3,1),(107,'隆尧县',130525,9,3,1),(108,'任县',130526,9,3,1),(109,'南和县',130527,9,3,1),(110,'宁晋县',130528,9,3,1),(111,'巨鹿县',130529,9,3,1),(112,'新河县',130530,9,3,1),(113,'广宗县',130531,9,3,1),(114,'平乡县',130532,9,3,1),(115,'威县',130533,9,3,1),(116,'清河县',130534,9,3,1),(117,'临西县',130535,9,3,1),(118,'南宫市',130581,9,3,1),(119,'沙河市',130582,9,3,1),(120,'保定市',130601,10,3,1),(121,'新市区',130602,10,3,1),(122,'北市区',130603,10,3,1),(123,'南市区',130604,10,3,1),(124,'满城县',130621,10,3,1),(125,'清苑县',130622,10,3,1),(126,'涞水县',130623,10,3,1),(127,'阜平县',130624,10,3,1),(128,'徐水县',130625,10,3,1),(129,'定兴县',130626,10,3,1),(130,'唐县',130627,10,3,1),(131,'高阳县',130628,10,3,1),(132,'容城县',130629,10,3,1),(133,'涞源县',130630,10,3,1),(134,'望都县',130631,10,3,1),(135,'安新县',130632,10,3,1),(136,'易县',130633,10,3,1),(137,'曲阳县',130634,10,3,1),(138,'蠡县',130635,10,3,1),(139,'顺平县',130636,10,3,1),(140,'博野县',130637,10,3,1),(141,'雄县',130638,10,3,1),(142,'涿州市',130681,10,3,1),(143,'定州市',130682,10,3,1),(144,'安国市',130683,10,3,1),(145,'高碑店市',130684,10,3,1),(146,'张家口市',130701,11,3,1),(147,'桥东区',130702,11,3,1),(148,'桥西区',130703,11,3,1),(149,'宣化区',130705,11,3,1),(150,'下花园区',130706,11,3,1),(151,'宣化县',130721,11,3,1),(152,'张北县',130722,11,3,1),(153,'康保县',130723,11,3,1),(154,'沽源县',130724,11,3,1),(155,'尚义县',130725,11,3,1),(156,'蔚县',130726,11,3,1),(157,'阳原县',130727,11,3,1),(158,'怀安县',130728,11,3,1),(159,'万全县',130729,11,3,1),(160,'怀来县',130730,11,3,1),(161,'涿鹿县',130731,11,3,1),(162,'赤城县',130732,11,3,1),(163,'崇礼县',130733,11,3,1),(164,'承德市',130801,12,3,1),(165,'双桥区',130802,12,3,1),(166,'双滦区',130803,12,3,1),(167,'鹰手营子矿区',130804,12,3,1),(168,'承德县',130821,12,3,1),(169,'兴隆县',130822,12,3,1),(170,'平泉县',130823,12,3,1),(171,'滦平县',130824,12,3,1),(172,'隆化县',130825,12,3,1),(173,'丰宁满族自治县',130826,12,3,1),(174,'宽城满族自治县',130827,12,3,1),(175,'围场满族蒙古族自治县',130828,12,3,1),(176,'沧州市',130901,13,3,1),(177,'新华区',130902,13,3,1),(178,'运河区',130903,13,3,1),(179,'沧县',130921,13,3,1),(180,'青县',130922,13,3,1),(181,'东光县',130923,13,3,1),(182,'海兴县',130924,13,3,1),(183,'盐山县',130925,13,3,1),(184,'肃宁县',130926,13,3,1),(185,'南皮县',130927,13,3,1),(186,'吴桥县',130928,13,3,1),(187,'献县',130929,13,3,1),(188,'孟村回族自治县',130930,13,3,1),(189,'泊头市',130981,13,3,1),(190,'任丘市',130982,13,3,1),(191,'黄骅市',130983,13,3,1),(192,'河间市',130984,13,3,1),(193,'廊坊市',131001,14,3,1),(194,'安次区',131002,14,3,1),(195,'广阳区',131003,14,3,1),(196,'固安县',131022,14,3,1),(197,'永清县',131023,14,3,1),(198,'香河县',131024,14,3,1),(199,'大城县',131025,14,3,1),(200,'文安县',131026,14,3,1),(201,'大厂回族自治县',131028,14,3,1),(202,'霸州市',131081,14,3,1),(203,'三河市',131082,14,3,1),(204,'衡水市',131101,15,3,1),(205,'桃城区',131102,15,3,1),(206,'枣强县',131121,15,3,1),(207,'武邑县',131122,15,3,1),(208,'武强县',131123,15,3,1),(209,'饶阳县',131124,15,3,1),(210,'安平县',131125,15,3,1),(211,'故城县',131126,15,3,1),(212,'景县',131127,15,3,1),(213,'阜城县',131128,15,3,1),(214,'冀州市',131181,15,3,1),(215,'深州市',131182,15,3,1),(216,'太原市',140101,16,4,1),(217,'小店区',140105,16,4,1),(218,'迎泽区',140106,16,4,1),(219,'杏花岭区',140107,16,4,1),(220,'尖草坪区',140108,16,4,1),(221,'万柏林区',140109,16,4,1),(222,'晋源区',140110,16,4,1),(223,'清徐县',140121,16,4,1),(224,'阳曲县',140122,16,4,1),(225,'娄烦县',140123,16,4,1),(226,'古交市',140181,16,4,1),(227,'大同市',140201,17,4,1),(228,'城区',140202,17,4,1),(229,'矿区',140203,17,4,1),(230,'南郊区',140211,17,4,1),(231,'新荣区',140212,17,4,1),(232,'阳高县',140221,17,4,1),(233,'天镇县',140222,17,4,1),(234,'广灵县',140223,17,4,1),(235,'灵丘县',140224,17,4,1),(236,'浑源县',140225,17,4,1),(237,'左云县',140226,17,4,1),(238,'大同县',140227,17,4,1),(239,'阳泉市',140301,18,4,1),(240,'城区',140302,18,4,1),(241,'矿区',140303,18,4,1),(242,'郊区',140311,18,4,1),(243,'平定县',140321,18,4,1),(244,'盂县',140322,18,4,1),(245,'长治市',140401,19,4,1),(246,'城区',140402,19,4,1),(247,'郊区',140411,19,4,1),(248,'长治县',140421,19,4,1),(249,'襄垣县',140423,19,4,1),(250,'屯留县',140424,19,4,1),(251,'平顺县',140425,19,4,1),(252,'黎城县',140426,19,4,1),(253,'壶关县',140427,19,4,1),(254,'长子县',140428,19,4,1),(255,'武乡县',140429,19,4,1),(256,'沁县',140430,19,4,1),(257,'沁源县',140431,19,4,1),(258,'潞城市',140481,19,4,1),(259,'晋城市',140501,20,4,1),(260,'城区',140502,20,4,1),(261,'沁水县',140521,20,4,1),(262,'阳城县',140522,20,4,1),(263,'陵川县',140524,20,4,1),(264,'泽州县',140525,20,4,1),(265,'高平市',140581,20,4,1),(266,'朔州市',140601,21,4,1),(267,'朔城区',140602,21,4,1),(268,'平鲁区',140603,21,4,1),(269,'山阴县',140621,21,4,1),(270,'应县',140622,21,4,1),(271,'右玉县',140623,21,4,1),(272,'怀仁县',140624,21,4,1),(273,'晋中市',140701,22,4,1),(274,'榆次区',140702,22,4,1),(275,'榆社县',140721,22,4,1),(276,'左权县',140722,22,4,1),(277,'和顺县',140723,22,4,1),(278,'昔阳县',140724,22,4,1),(279,'寿阳县',140725,22,4,1),(280,'太谷县',140726,22,4,1),(281,'祁县',140727,22,4,1),(282,'平遥县',140728,22,4,1),(283,'灵石县',140729,22,4,1),(284,'介休市',140781,22,4,1),(285,'运城市',140801,23,4,1),(286,'盐湖区',140802,23,4,1),(287,'临猗县',140821,23,4,1),(288,'万荣县',140822,23,4,1),(289,'闻喜县',140823,23,4,1),(290,'稷山县',140824,23,4,1),(291,'新绛县',140825,23,4,1),(292,'绛县',140826,23,4,1),(293,'垣曲县',140827,23,4,1),(294,'夏县',140828,23,4,1),(295,'平陆县',140829,23,4,1),(296,'芮城县',140830,23,4,1),(297,'永济市',140881,23,4,1),(298,'河津市',140882,23,4,1),(299,'忻州市',140901,24,4,1),(300,'忻府区',140902,24,4,1),(301,'定襄县',140921,24,4,1),(302,'五台县',140922,24,4,1),(303,'代县',140923,24,4,1),(304,'繁峙县',140924,24,4,1),(305,'宁武县',140925,24,4,1),(306,'静乐县',140926,24,4,1),(307,'神池县',140927,24,4,1),(308,'五寨县',140928,24,4,1),(309,'岢岚县',140929,24,4,1),(310,'河曲县',140930,24,4,1),(311,'保德县',140931,24,4,1),(312,'偏关县',140932,24,4,1),(313,'原平市',140981,24,4,1),(314,'临汾市',141001,25,4,1),(315,'尧都区',141002,25,4,1),(316,'曲沃县',141021,25,4,1),(317,'翼城县',141022,25,4,1),(318,'襄汾县',141023,25,4,1),(319,'洪洞县',141024,25,4,1),(320,'古县',141025,25,4,1),(321,'安泽县',141026,25,4,1),(322,'浮山县',141027,25,4,1),(323,'吉县',141028,25,4,1),(324,'乡宁县',141029,25,4,1),(325,'大宁县',141030,25,4,1),(326,'隰县',141031,25,4,1),(327,'永和县',141032,25,4,1),(328,'蒲县',141033,25,4,1),(329,'汾西县',141034,25,4,1),(330,'侯马市',141081,25,4,1),(331,'霍州市',141082,25,4,1),(332,'吕梁市',141101,26,4,1),(333,'离石区',141102,26,4,1),(334,'文水县',141121,26,4,1),(335,'交城县',141122,26,4,1),(336,'兴县',141123,26,4,1),(337,'临县',141124,26,4,1),(338,'柳林县',141125,26,4,1),(339,'石楼县',141126,26,4,1),(340,'岚县',141127,26,4,1),(341,'方山县',141128,26,4,1),(342,'中阳县',141129,26,4,1),(343,'交口县',141130,26,4,1),(344,'孝义市',141181,26,4,1),(345,'汾阳市',141182,26,4,1),(346,'呼和浩特市',150101,27,5,1),(347,'新城区',150102,27,5,1),(348,'回民区',150103,27,5,1),(349,'玉泉区',150104,27,5,1),(350,'赛罕区',150105,27,5,1),(351,'土默特左旗',150121,27,5,1),(352,'托克托县',150122,27,5,1),(353,'和林格尔县',150123,27,5,1),(354,'清水河县',150124,27,5,1),(355,'武川县',150125,27,5,1),(356,'包头市',150201,28,5,1),(357,'东河区',150202,28,5,1),(358,'昆都仑区',150203,28,5,1),(359,'青山区',150204,28,5,1),(360,'石拐区',150205,28,5,1),(361,'白云鄂博矿区',150206,28,5,1),(362,'九原区',150207,28,5,1),(363,'土默特右旗',150221,28,5,1),(364,'固阳县',150222,28,5,1),(365,'达尔罕茂明安联合旗',150223,28,5,1),(366,'乌海市',150301,29,5,1),(367,'海勃湾区',150302,29,5,1),(368,'海南区',150303,29,5,1),(369,'乌达区',150304,29,5,1),(370,'赤峰市',150401,30,5,1),(371,'红山区',150402,30,5,1),(372,'元宝山区',150403,30,5,1),(373,'松山区',150404,30,5,1),(374,'阿鲁科尔沁旗',150421,30,5,1),(375,'巴林左旗',150422,30,5,1),(376,'巴林右旗',150423,30,5,1),(377,'林西县',150424,30,5,1),(378,'克什克腾旗',150425,30,5,1),(379,'翁牛特旗',150426,30,5,1),(380,'喀喇沁旗',150428,30,5,1),(381,'宁城县',150429,30,5,1),(382,'敖汉旗',150430,30,5,1),(383,'通辽市',150501,31,5,1),(384,'科尔沁区',150502,31,5,1),(385,'科尔沁左翼中旗',150521,31,5,1),(386,'科尔沁左翼后旗',150522,31,5,1),(387,'开鲁县',150523,31,5,1),(388,'库伦旗',150524,31,5,1),(389,'奈曼旗',150525,31,5,1),(390,'扎鲁特旗',150526,31,5,1),(391,'霍林郭勒市',150581,31,5,1),(392,'鄂尔多斯市',150601,32,5,1),(393,'东胜区',150602,32,5,1),(394,'达拉特旗',150621,32,5,1),(395,'准格尔旗',150622,32,5,1),(396,'鄂托克前旗',150623,32,5,1),(397,'鄂托克旗',150624,32,5,1),(398,'杭锦旗',150625,32,5,1),(399,'乌审旗',150626,32,5,1),(400,'伊金霍洛旗',150627,32,5,1),(401,'呼伦贝尔市',150701,33,5,1),(402,'海拉尔区',150702,33,5,1),(403,'扎赉诺尔区',150703,33,5,1),(404,'阿荣旗',150721,33,5,1),(405,'莫力达瓦达斡尔族自治旗',150722,33,5,1),(406,'鄂伦春自治旗',150723,33,5,1),(407,'鄂温克族自治旗',150724,33,5,1),(408,'陈巴尔虎旗',150725,33,5,1),(409,'新巴尔虎左旗',150726,33,5,1),(410,'新巴尔虎右旗',150727,33,5,1),(411,'满洲里市',150781,33,5,1),(412,'牙克石市',150782,33,5,1),(413,'扎兰屯市',150783,33,5,1),(414,'额尔古纳市',150784,33,5,1),(415,'根河市',150785,33,5,1),(416,'巴彦淖尔市',150801,34,5,1),(417,'临河区',150802,34,5,1),(418,'五原县',150821,34,5,1),(419,'磴口县',150822,34,5,1),(420,'乌拉特前旗',150823,34,5,1),(421,'乌拉特中旗',150824,34,5,1),(422,'乌拉特后旗',150825,34,5,1),(423,'杭锦后旗',150826,34,5,1),(424,'乌兰察布市',150901,35,5,1),(425,'集宁区',150902,35,5,1),(426,'卓资县',150921,35,5,1),(427,'化德县',150922,35,5,1),(428,'商都县',150923,35,5,1),(429,'兴和县',150924,35,5,1),(430,'凉城县',150925,35,5,1),(431,'察哈尔右翼前旗',150926,35,5,1),(432,'察哈尔右翼中旗',150927,35,5,1),(433,'察哈尔右翼后旗',150928,35,5,1),(434,'四子王旗',150929,35,5,1),(435,'丰镇市',150981,35,5,1),(436,'乌兰浩特市',152201,36,5,1),(437,'阿尔山市',152202,36,5,1),(438,'科尔沁右翼前旗',152221,36,5,1),(439,'科尔沁右翼中旗',152222,36,5,1),(440,'扎赉特旗',152223,36,5,1),(441,'突泉县',152224,36,5,1),(442,'二连浩特市',152501,37,5,1),(443,'锡林浩特市',152502,37,5,1),(444,'阿巴嘎旗',152522,37,5,1),(445,'苏尼特左旗',152523,37,5,1),(446,'苏尼特右旗',152524,37,5,1),(447,'东乌珠穆沁旗',152525,37,5,1),(448,'西乌珠穆沁旗',152526,37,5,1),(449,'太仆寺旗',152527,37,5,1),(450,'镶黄旗',152528,37,5,1),(451,'正镶白旗',152529,37,5,1),(452,'正蓝旗',152530,37,5,1),(453,'多伦县',152531,37,5,1),(454,'阿拉善左旗',152921,38,5,1),(455,'阿拉善右旗',152922,38,5,1),(456,'额济纳旗',152923,38,5,1),(457,'沈阳市',210101,39,6,1),(458,'和平区',210102,39,6,1),(459,'沈河区',210103,39,6,1),(460,'大东区',210104,39,6,1),(461,'皇姑区',210105,39,6,1),(462,'铁西区',210106,39,6,1),(463,'苏家屯区',210111,39,6,1),(464,'东陵区',210112,39,6,1),(465,'沈北新区',210113,39,6,1),(466,'于洪区',210114,39,6,1),(467,'辽中县',210122,39,6,1),(468,'康平县',210123,39,6,1),(469,'法库县',210124,39,6,1),(470,'新民市',210181,39,6,1),(471,'大连市',210201,40,6,1),(472,'中山区',210202,40,6,1),(473,'西岗区',210203,40,6,1),(474,'沙河口区',210204,40,6,1),(475,'甘井子区',210211,40,6,1),(476,'旅顺口区',210212,40,6,1),(477,'金州区',210213,40,6,1),(478,'长海县',210224,40,6,1),(479,'瓦房店市',210281,40,6,1),(480,'普兰店市',210282,40,6,1),(481,'庄河市',210283,40,6,1),(482,'鞍山市',210301,41,6,1),(483,'铁东区',210302,41,6,1),(484,'铁西区',210303,41,6,1),(485,'立山区',210304,41,6,1),(486,'千山区',210311,41,6,1),(487,'台安县',210321,41,6,1),(488,'岫岩满族自治县',210323,41,6,1),(489,'海城市',210381,41,6,1),(490,'抚顺市',210401,42,6,1),(491,'新抚区',210402,42,6,1),(492,'东洲区',210403,42,6,1),(493,'望花区',210404,42,6,1),(494,'顺城区',210411,42,6,1),(495,'抚顺县',210421,42,6,1),(496,'新宾满族自治县',210422,42,6,1),(497,'清原满族自治县',210423,42,6,1),(498,'本溪市',210501,43,6,1),(499,'平山区',210502,43,6,1),(500,'溪湖区',210503,43,6,1),(501,'明山区',210504,43,6,1),(502,'南芬区',210505,43,6,1),(503,'本溪满族自治县',210521,43,6,1),(504,'桓仁满族自治县',210522,43,6,1),(505,'丹东市',210601,44,6,1),(506,'元宝区',210602,44,6,1),(507,'振兴区',210603,44,6,1),(508,'振安区',210604,44,6,1),(509,'宽甸满族自治县',210624,44,6,1),(510,'东港市',210681,44,6,1),(511,'凤城市',210682,44,6,1),(512,'锦州市',210701,45,6,1),(513,'古塔区',210702,45,6,1),(514,'凌河区',210703,45,6,1),(515,'太和区',210711,45,6,1),(516,'黑山县',210726,45,6,1),(517,'义县',210727,45,6,1),(518,'凌海市',210781,45,6,1),(519,'北镇市',210782,45,6,1),(520,'营口市',210801,46,6,1),(521,'站前区',210802,46,6,1),(522,'西市区',210803,46,6,1),(523,'鲅鱼圈区',210804,46,6,1),(524,'老边区',210811,46,6,1),(525,'盖州市',210881,46,6,1),(526,'大石桥市',210882,46,6,1),(527,'阜新市',210901,47,6,1),(528,'海州区',210902,47,6,1),(529,'新邱区',210903,47,6,1),(530,'太平区',210904,47,6,1),(531,'清河门区',210905,47,6,1),(532,'细河区',210911,47,6,1),(533,'阜新蒙古族自治县',210921,47,6,1),(534,'彰武县',210922,47,6,1),(535,'辽阳市',211001,48,6,1),(536,'白塔区',211002,48,6,1),(537,'文圣区',211003,48,6,1),(538,'宏伟区',211004,48,6,1),(539,'弓长岭区',211005,48,6,1),(540,'太子河区',211011,48,6,1),(541,'辽阳县',211021,48,6,1),(542,'灯塔市',211081,48,6,1),(543,'盘锦市',211101,49,6,1),(544,'双台子区',211102,49,6,1),(545,'兴隆台区',211103,49,6,1),(546,'大洼县',211121,49,6,1),(547,'盘山县',211122,49,6,1),(548,'铁岭市',211201,50,6,1),(549,'银州区',211202,50,6,1),(550,'清河区',211204,50,6,1),(551,'铁岭县',211221,50,6,1),(552,'西丰县',211223,50,6,1),(553,'昌图县',211224,50,6,1),(554,'调兵山市',211281,50,6,1),(555,'开原市',211282,50,6,1),(556,'朝阳市',211301,51,6,1),(557,'双塔区',211302,51,6,1),(558,'龙城区',211303,51,6,1),(559,'朝阳县',211321,51,6,1),(560,'建平县',211322,51,6,1),(561,'喀喇沁左翼蒙古族自治县',211324,51,6,1),(562,'北票市',211381,51,6,1),(563,'凌源市',211382,51,6,1),(564,'葫芦岛市',211401,52,6,1),(565,'连山区',211402,52,6,1),(566,'龙港区',211403,52,6,1),(567,'南票区',211404,52,6,1),(568,'绥中县',211421,52,6,1),(569,'建昌县',211422,52,6,1),(570,'兴城市',211481,52,6,1),(571,'长春市',220101,53,7,1),(572,'南关区',220102,53,7,1),(573,'宽城区',220103,53,7,1),(574,'朝阳区',220104,53,7,1),(575,'二道区',220105,53,7,1),(576,'绿园区',220106,53,7,1),(577,'双阳区',220112,53,7,1),(578,'农安县',220122,53,7,1),(579,'九台市',220181,53,7,1),(580,'榆树市',220182,53,7,1),(581,'德惠市',220183,53,7,1),(582,'吉林市',220201,54,7,1),(583,'昌邑区',220202,54,7,1),(584,'龙潭区',220203,54,7,1),(585,'船营区',220204,54,7,1),(586,'丰满区',220211,54,7,1),(587,'永吉县',220221,54,7,1),(588,'蛟河市',220281,54,7,1),(589,'桦甸市',220282,54,7,1),(590,'舒兰市',220283,54,7,1),(591,'磐石市',220284,54,7,1),(592,'四平市',220301,55,7,1),(593,'铁西区',220302,55,7,1),(594,'铁东区',220303,55,7,1),(595,'梨树县',220322,55,7,1),(596,'伊通满族自治县',220323,55,7,1),(597,'公主岭市',220381,55,7,1),(598,'双辽市',220382,55,7,1),(599,'辽源市',220401,56,7,1),(600,'龙山区',220402,56,7,1),(601,'西安区',220403,56,7,1),(602,'东丰县',220421,56,7,1),(603,'东辽县',220422,56,7,1),(604,'通化市',220501,57,7,1),(605,'东昌区',220502,57,7,1),(606,'二道江区',220503,57,7,1),(607,'通化县',220521,57,7,1),(608,'辉南县',220523,57,7,1),(609,'柳河县',220524,57,7,1),(610,'梅河口市',220581,57,7,1),(611,'集安市',220582,57,7,1),(612,'白山市',220601,58,7,1),(613,'浑江区',220602,58,7,1),(614,'江源区',220605,58,7,1),(615,'抚松县',220621,58,7,1),(616,'靖宇县',220622,58,7,1),(617,'长白朝鲜族自治县',220623,58,7,1),(618,'临江市',220681,58,7,1),(619,'松原市',220701,59,7,1),(620,'宁江区',220702,59,7,1),(621,'前郭尔罗斯蒙古族自治县',220721,59,7,1),(622,'长岭县',220722,59,7,1),(623,'乾安县',220723,59,7,1),(624,'扶余市',220781,59,7,1),(625,'白城市',220801,60,7,1),(626,'洮北区',220802,60,7,1),(627,'镇赉县',220821,60,7,1),(628,'通榆县',220822,60,7,1),(629,'洮南市',220881,60,7,1),(630,'大安市',220882,60,7,1),(631,'延吉市',222401,61,7,1),(632,'图们市',222402,61,7,1),(633,'敦化市',222403,61,7,1),(634,'珲春市',222404,61,7,1),(635,'龙井市',222405,61,7,1),(636,'和龙市',222406,61,7,1),(637,'汪清县',222424,61,7,1),(638,'安图县',222426,61,7,1),(639,'哈尔滨市',230101,62,8,1),(640,'道里区',230102,62,8,1),(641,'南岗区',230103,62,8,1),(642,'道外区',230104,62,8,1),(643,'平房区',230108,62,8,1),(644,'松北区',230109,62,8,1),(645,'香坊区',230110,62,8,1),(646,'呼兰区',230111,62,8,1),(647,'阿城区',230112,62,8,1),(648,'依兰县',230123,62,8,1),(649,'方正县',230124,62,8,1),(650,'宾县',230125,62,8,1),(651,'巴彦县',230126,62,8,1),(652,'木兰县',230127,62,8,1),(653,'通河县',230128,62,8,1),(654,'延寿县',230129,62,8,1),(655,'双城市',230182,62,8,1),(656,'尚志市',230183,62,8,1),(657,'五常市',230184,62,8,1),(658,'齐齐哈尔市',230201,63,8,1),(659,'龙沙区',230202,63,8,1),(660,'建华区',230203,63,8,1),(661,'铁锋区',230204,63,8,1),(662,'昂昂溪区',230205,63,8,1),(663,'富拉尔基区',230206,63,8,1),(664,'碾子山区',230207,63,8,1),(665,'梅里斯达斡尔族区',230208,63,8,1),(666,'龙江县',230221,63,8,1),(667,'依安县',230223,63,8,1),(668,'泰来县',230224,63,8,1),(669,'甘南县',230225,63,8,1),(670,'富裕县',230227,63,8,1),(671,'克山县',230229,63,8,1),(672,'克东县',230230,63,8,1),(673,'拜泉县',230231,63,8,1),(674,'讷河市',230281,63,8,1),(675,'鸡西市',230301,64,8,1),(676,'鸡冠区',230302,64,8,1),(677,'恒山区',230303,64,8,1),(678,'滴道区',230304,64,8,1),(679,'梨树区',230305,64,8,1),(680,'城子河区',230306,64,8,1),(681,'麻山区',230307,64,8,1),(682,'鸡东县',230321,64,8,1),(683,'虎林市',230381,64,8,1),(684,'密山市',230382,64,8,1),(685,'鹤岗市',230401,65,8,1),(686,'向阳区',230402,65,8,1),(687,'工农区',230403,65,8,1),(688,'南山区',230404,65,8,1),(689,'兴安区',230405,65,8,1),(690,'东山区',230406,65,8,1),(691,'兴山区',230407,65,8,1),(692,'萝北县',230421,65,8,1),(693,'绥滨县',230422,65,8,1),(694,'双鸭山市',230501,66,8,1),(695,'尖山区',230502,66,8,1),(696,'岭东区',230503,66,8,1),(697,'四方台区',230505,66,8,1),(698,'宝山区',230506,66,8,1),(699,'集贤县',230521,66,8,1),(700,'友谊县',230522,66,8,1),(701,'宝清县',230523,66,8,1),(702,'饶河县',230524,66,8,1),(703,'大庆市',230601,67,8,1),(704,'萨尔图区',230602,67,8,1),(705,'龙凤区',230603,67,8,1),(706,'让胡路区',230604,67,8,1),(707,'红岗区',230605,67,8,1),(708,'大同区',230606,67,8,1),(709,'肇州县',230621,67,8,1),(710,'肇源县',230622,67,8,1),(711,'林甸县',230623,67,8,1),(712,'杜尔伯特蒙古族自治县',230624,67,8,1),(713,'伊春市',230701,68,8,1),(714,'伊春区',230702,68,8,1),(715,'南岔区',230703,68,8,1),(716,'友好区',230704,68,8,1),(717,'西林区',230705,68,8,1),(718,'翠峦区',230706,68,8,1),(719,'新青区',230707,68,8,1),(720,'美溪区',230708,68,8,1),(721,'金山屯区',230709,68,8,1),(722,'五营区',230710,68,8,1),(723,'乌马河区',230711,68,8,1),(724,'汤旺河区',230712,68,8,1),(725,'带岭区',230713,68,8,1),(726,'乌伊岭区',230714,68,8,1),(727,'红星区',230715,68,8,1),(728,'上甘岭区',230716,68,8,1),(729,'嘉荫县',230722,68,8,1),(730,'铁力市',230781,68,8,1),(731,'佳木斯市',230801,69,8,1),(732,'向阳区',230803,69,8,1),(733,'前进区',230804,69,8,1),(734,'东风区',230805,69,8,1),(735,'郊区',230811,69,8,1),(736,'桦南县',230822,69,8,1),(737,'桦川县',230826,69,8,1),(738,'汤原县',230828,69,8,1),(739,'抚远县',230833,69,8,1),(740,'同江市',230881,69,8,1),(741,'富锦市',230882,69,8,1),(742,'七台河市',230901,70,8,1),(743,'新兴区',230902,70,8,1),(744,'桃山区',230903,70,8,1),(745,'茄子河区',230904,70,8,1),(746,'勃利县',230921,70,8,1),(747,'牡丹江市',231001,71,8,1),(748,'东安区',231002,71,8,1),(749,'阳明区',231003,71,8,1),(750,'爱民区',231004,71,8,1),(751,'西安区',231005,71,8,1),(752,'东宁县',231024,71,8,1),(753,'林口县',231025,71,8,1),(754,'绥芬河市',231081,71,8,1),(755,'海林市',231083,71,8,1),(756,'宁安市',231084,71,8,1),(757,'穆棱市',231085,71,8,1),(758,'黑河市',231101,72,8,1),(759,'爱辉区',231102,72,8,1),(760,'嫩江县',231121,72,8,1),(761,'逊克县',231123,72,8,1),(762,'孙吴县',231124,72,8,1),(763,'北安市',231181,72,8,1),(764,'五大连池市',231182,72,8,1),(765,'绥化市',231201,73,8,1),(766,'北林区',231202,73,8,1),(767,'望奎县',231221,73,8,1),(768,'兰西县',231222,73,8,1),(769,'青冈县',231223,73,8,1),(770,'庆安县',231224,73,8,1),(771,'明水县',231225,73,8,1),(772,'绥棱县',231226,73,8,1),(773,'安达市',231281,73,8,1),(774,'肇东市',231282,73,8,1),(775,'海伦市',231283,73,8,1),(776,'呼玛县',232721,74,8,1),(777,'塔河县',232722,74,8,1),(778,'漠河县',232723,74,8,1),(779,'黄浦区',310101,75,9,1),(780,'徐汇区',310104,75,9,1),(781,'长宁区',310105,75,9,1),(782,'静安区',310106,75,9,1),(783,'普陀区',310107,75,9,1),(784,'闸北区',310108,75,9,1),(785,'虹口区',310109,75,9,1),(786,'杨浦区',310110,75,9,1),(787,'闵行区',310112,75,9,1),(788,'宝山区',310113,75,9,1),(789,'嘉定区',310114,75,9,1),(790,'浦东新区',310115,75,9,1),(791,'金山区',310116,75,9,1),(792,'松江区',310117,75,9,1),(793,'青浦区',310118,75,9,1),(794,'奉贤区',310120,75,9,1),(795,'崇明县',310230,76,9,1),(796,'南京市',320101,77,10,1),(797,'玄武区',320102,77,10,1),(798,'秦淮区',320104,77,10,1),(799,'建邺区',320105,77,10,1),(800,'鼓楼区',320106,77,10,1),(801,'浦口区',320111,77,10,1),(802,'栖霞区',320113,77,10,1),(803,'雨花台区',320114,77,10,1),(804,'江宁区',320115,77,10,1),(805,'六合区',320116,77,10,1),(806,'溧水区',320117,77,10,1),(807,'高淳区',320118,77,10,1),(808,'无锡市',320201,78,10,1),(809,'崇安区',320202,78,10,1),(810,'南长区',320203,78,10,1),(811,'北塘区',320204,78,10,1),(812,'锡山区',320205,78,10,1),(813,'惠山区',320206,78,10,1),(814,'滨湖区',320211,78,10,1),(815,'江阴市',320281,78,10,1),(816,'宜兴市',320282,78,10,1),(817,'徐州市',320301,79,10,1),(818,'鼓楼区',320302,79,10,1),(819,'云龙区',320303,79,10,1),(820,'贾汪区',320305,79,10,1),(821,'泉山区',320311,79,10,1),(822,'铜山区',320312,79,10,1),(823,'丰县',320321,79,10,1),(824,'沛县',320322,79,10,1),(825,'睢宁县',320324,79,10,1),(826,'新沂市',320381,79,10,1),(827,'邳州市',320382,79,10,1),(828,'常州市',320401,80,10,1),(829,'天宁区',320402,80,10,1),(830,'钟楼区',320404,80,10,1),(831,'戚墅堰区',320405,80,10,1),(832,'新北区',320411,80,10,1),(833,'武进区',320412,80,10,1),(834,'溧阳市',320481,80,10,1),(835,'金坛市',320482,80,10,1),(836,'苏州市',320501,81,10,1),(837,'虎丘区',320505,81,10,1),(838,'吴中区',320506,81,10,1),(839,'相城区',320507,81,10,1),(840,'姑苏区',320508,81,10,1),(841,'吴江区',320509,81,10,1),(842,'常熟市',320581,81,10,1),(843,'张家港市',320582,81,10,1),(844,'昆山市',320583,81,10,1),(845,'太仓市',320585,81,10,1),(846,'南通市',320601,82,10,1),(847,'崇川区',320602,82,10,1),(848,'港闸区',320611,82,10,1),(849,'通州区',320612,82,10,1),(850,'海安县',320621,82,10,1),(851,'如东县',320623,82,10,1),(852,'启东市',320681,82,10,1),(853,'如皋市',320682,82,10,1),(854,'海门市',320684,82,10,1),(855,'连云港市',320701,83,10,1),(856,'连云区',320703,83,10,1),(857,'新浦区',320705,83,10,1),(858,'海州区',320706,83,10,1),(859,'赣榆县',320721,83,10,1),(860,'东海县',320722,83,10,1),(861,'灌云县',320723,83,10,1),(862,'灌南县',320724,83,10,1),(863,'淮安市',320801,84,10,1),(864,'清河区',320802,84,10,1),(865,'淮安区',320803,84,10,1),(866,'淮阴区',320804,84,10,1),(867,'清浦区',320811,84,10,1),(868,'涟水县',320826,84,10,1),(869,'洪泽县',320829,84,10,1),(870,'盱眙县',320830,84,10,1),(871,'金湖县',320831,84,10,1),(872,'盐城市',320901,85,10,1),(873,'亭湖区',320902,85,10,1),(874,'盐都区',320903,85,10,1),(875,'响水县',320921,85,10,1),(876,'滨海县',320922,85,10,1),(877,'阜宁县',320923,85,10,1),(878,'射阳县',320924,85,10,1),(879,'建湖县',320925,85,10,1),(880,'东台市',320981,85,10,1),(881,'大丰市',320982,85,10,1),(882,'扬州市',321001,86,10,1),(883,'广陵区',321002,86,10,1),(884,'邗江区',321003,86,10,1),(885,'江都区',321012,86,10,1),(886,'宝应县',321023,86,10,1),(887,'仪征市',321081,86,10,1),(888,'高邮市',321084,86,10,1),(889,'镇江市',321101,87,10,1),(890,'京口区',321102,87,10,1),(891,'润州区',321111,87,10,1),(892,'丹徒区',321112,87,10,1),(893,'丹阳市',321181,87,10,1),(894,'扬中市',321182,87,10,1),(895,'句容市',321183,87,10,1),(896,'泰州市',321201,88,10,1),(897,'海陵区',321202,88,10,1),(898,'高港区',321203,88,10,1),(899,'姜堰区',321204,88,10,1),(900,'兴化市',321281,88,10,1),(901,'靖江市',321282,88,10,1),(902,'泰兴市',321283,88,10,1),(903,'宿迁市',321301,89,10,1),(904,'宿城区',321302,89,10,1),(905,'宿豫区',321311,89,10,1),(906,'沭阳县',321322,89,10,1),(907,'泗阳县',321323,89,10,1),(908,'泗洪县',321324,89,10,1),(909,'杭州市',330101,90,11,1),(910,'上城区',330102,90,11,1),(911,'下城区',330103,90,11,1),(912,'江干区',330104,90,11,1),(913,'拱墅区',330105,90,11,1),(914,'西湖区',330106,90,11,1),(915,'滨江区',330108,90,11,1),(916,'萧山区',330109,90,11,1),(917,'余杭区',330110,90,11,1),(918,'桐庐县',330122,90,11,1),(919,'淳安县',330127,90,11,1),(920,'建德市',330182,90,11,1),(921,'富阳市',330183,90,11,1),(922,'临安市',330185,90,11,1),(923,'宁波市',330201,91,11,1),(924,'海曙区',330203,91,11,1),(925,'江东区',330204,91,11,1),(926,'江北区',330205,91,11,1),(927,'北仑区',330206,91,11,1),(928,'镇海区',330211,91,11,1),(929,'鄞州区',330212,91,11,1),(930,'象山县',330225,91,11,1),(931,'宁海县',330226,91,11,1),(932,'余姚市',330281,91,11,1),(933,'慈溪市',330282,91,11,1),(934,'奉化市',330283,91,11,1),(935,'温州市',330301,92,11,1),(936,'鹿城区',330302,92,11,1),(937,'龙湾区',330303,92,11,1),(938,'瓯海区',330304,92,11,1),(939,'洞头县',330322,92,11,1),(940,'永嘉县',330324,92,11,1),(941,'平阳县',330326,92,11,1),(942,'苍南县',330327,92,11,1),(943,'文成县',330328,92,11,1),(944,'泰顺县',330329,92,11,1),(945,'瑞安市',330381,92,11,1),(946,'乐清市',330382,92,11,1),(947,'嘉兴市',330401,93,11,1),(948,'南湖区',330402,93,11,1),(949,'秀洲区',330411,93,11,1),(950,'嘉善县',330421,93,11,1),(951,'海盐县',330424,93,11,1),(952,'海宁市',330481,93,11,1),(953,'平湖市',330482,93,11,1),(954,'桐乡市',330483,93,11,1),(955,'湖州市',330501,94,11,1),(956,'吴兴区',330502,94,11,1),(957,'南浔区',330503,94,11,1),(958,'德清县',330521,94,11,1),(959,'长兴县',330522,94,11,1),(960,'安吉县',330523,94,11,1),(961,'绍兴市',330601,95,11,1),(962,'越城区',330602,95,11,1),(963,'绍兴县',330621,95,11,1),(964,'新昌县',330624,95,11,1),(965,'诸暨市',330681,95,11,1),(966,'上虞市',330682,95,11,1),(967,'嵊州市',330683,95,11,1),(968,'金华市',330701,96,11,1),(969,'婺城区',330702,96,11,1),(970,'金东区',330703,96,11,1),(971,'武义县',330723,96,11,1),(972,'浦江县',330726,96,11,1),(973,'磐安县',330727,96,11,1),(974,'兰溪市',330781,96,11,1),(975,'义乌市',330782,96,11,1),(976,'东阳市',330783,96,11,1),(977,'永康市',330784,96,11,1),(978,'衢州市',330801,97,11,1),(979,'柯城区',330802,97,11,1),(980,'衢江区',330803,97,11,1),(981,'常山县',330822,97,11,1),(982,'开化县',330824,97,11,1),(983,'龙游县',330825,97,11,1),(984,'江山市',330881,97,11,1),(985,'舟山市',330901,98,11,1),(986,'定海区',330902,98,11,1),(987,'普陀区',330903,98,11,1),(988,'岱山县',330921,98,11,1),(989,'嵊泗县',330922,98,11,1),(990,'台州市',331001,99,11,1),(991,'椒江区',331002,99,11,1),(992,'黄岩区',331003,99,11,1),(993,'路桥区',331004,99,11,1),(994,'玉环县',331021,99,11,1),(995,'三门县',331022,99,11,1),(996,'天台县',331023,99,11,1),(997,'仙居县',331024,99,11,1),(998,'温岭市',331081,99,11,1),(999,'临海市',331082,99,11,1),(1000,'丽水市',331101,100,11,1),(1001,'莲都区',331102,100,11,1),(1002,'青田县',331121,100,11,1),(1003,'缙云县',331122,100,11,1),(1004,'遂昌县',331123,100,11,1),(1005,'松阳县',331124,100,11,1),(1006,'云和县',331125,100,11,1),(1007,'庆元县',331126,100,11,1),(1008,'景宁畲族自治县',331127,100,11,1),(1009,'龙泉市',331181,100,11,1),(1010,'合肥市',340101,101,12,1),(1011,'瑶海区',340102,101,12,1),(1012,'庐阳区',340103,101,12,1),(1013,'蜀山区',340104,101,12,1),(1014,'包河区',340111,101,12,1),(1015,'长丰县',340121,101,12,1),(1016,'肥东县',340122,101,12,1),(1017,'肥西县',340123,101,12,1),(1018,'庐江县',340124,101,12,1),(1019,'巢湖市',340181,101,12,1),(1020,'芜湖市',340201,102,12,1),(1021,'镜湖区',340202,102,12,1),(1022,'弋江区',340203,102,12,1),(1023,'鸠江区',340207,102,12,1),(1024,'三山区',340208,102,12,1),(1025,'芜湖县',340221,102,12,1),(1026,'繁昌县',340222,102,12,1),(1027,'南陵县',340223,102,12,1),(1028,'无为县',340225,102,12,1),(1029,'蚌埠市',340301,103,12,1),(1030,'龙子湖区',340302,103,12,1),(1031,'蚌山区',340303,103,12,1),(1032,'禹会区',340304,103,12,1),(1033,'淮上区',340311,103,12,1),(1034,'怀远县',340321,103,12,1),(1035,'五河县',340322,103,12,1),(1036,'固镇县',340323,103,12,1),(1037,'淮南市',340401,104,12,1),(1038,'大通区',340402,104,12,1),(1039,'田家庵区',340403,104,12,1),(1040,'谢家集区',340404,104,12,1),(1041,'八公山区',340405,104,12,1),(1042,'潘集区',340406,104,12,1),(1043,'凤台县',340421,104,12,1),(1044,'马鞍山市',340501,105,12,1),(1045,'花山区',340503,105,12,1),(1046,'雨山区',340504,105,12,1),(1047,'博望区',340506,105,12,1),(1048,'当涂县',340521,105,12,1),(1049,'含山县',340522,105,12,1),(1050,'和县',340523,105,12,1),(1051,'淮北市',340601,106,12,1),(1052,'杜集区',340602,106,12,1),(1053,'相山区',340603,106,12,1),(1054,'烈山区',340604,106,12,1),(1055,'濉溪县',340621,106,12,1),(1056,'铜陵市',340701,107,12,1),(1057,'铜官山区',340702,107,12,1),(1058,'狮子山区',340703,107,12,1),(1059,'郊区',340711,107,12,1),(1060,'铜陵县',340721,107,12,1),(1061,'安庆市',340801,108,12,1),(1062,'迎江区',340802,108,12,1),(1063,'大观区',340803,108,12,1),(1064,'宜秀区',340811,108,12,1),(1065,'怀宁县',340822,108,12,1),(1066,'枞阳县',340823,108,12,1),(1067,'潜山县',340824,108,12,1),(1068,'太湖县',340825,108,12,1),(1069,'宿松县',340826,108,12,1),(1070,'望江县',340827,108,12,1),(1071,'岳西县',340828,108,12,1),(1072,'桐城市',340881,108,12,1),(1073,'黄山市',341001,109,12,1),(1074,'屯溪区',341002,109,12,1),(1075,'黄山区',341003,109,12,1),(1076,'徽州区',341004,109,12,1),(1077,'歙县',341021,109,12,1),(1078,'休宁县',341022,109,12,1),(1079,'黟县',341023,109,12,1),(1080,'祁门县',341024,109,12,1),(1081,'滁州市',341101,110,12,1),(1082,'琅琊区',341102,110,12,1),(1083,'南谯区',341103,110,12,1),(1084,'来安县',341122,110,12,1),(1085,'全椒县',341124,110,12,1),(1086,'定远县',341125,110,12,1),(1087,'凤阳县',341126,110,12,1),(1088,'天长市',341181,110,12,1),(1089,'明光市',341182,110,12,1),(1090,'阜阳市',341201,111,12,1),(1091,'颍州区',341202,111,12,1),(1092,'颍东区',341203,111,12,1),(1093,'颍泉区',341204,111,12,1),(1094,'临泉县',341221,111,12,1),(1095,'太和县',341222,111,12,1),(1096,'阜南县',341225,111,12,1),(1097,'颍上县',341226,111,12,1),(1098,'界首市',341282,111,12,1),(1099,'宿州市',341301,112,12,1),(1100,'埇桥区',341302,112,12,1),(1101,'砀山县',341321,112,12,1),(1102,'萧县',341322,112,12,1),(1103,'灵璧县',341323,112,12,1),(1104,'泗县',341324,112,12,1),(1105,'六安市',341501,113,12,1),(1106,'金安区',341502,113,12,1),(1107,'裕安区',341503,113,12,1),(1108,'寿县',341521,113,12,1),(1109,'霍邱县',341522,113,12,1),(1110,'舒城县',341523,113,12,1),(1111,'金寨县',341524,113,12,1),(1112,'霍山县',341525,113,12,1),(1113,'亳州市',341601,114,12,1),(1114,'谯城区',341602,114,12,1),(1115,'涡阳县',341621,114,12,1),(1116,'蒙城县',341622,114,12,1),(1117,'利辛县',341623,114,12,1),(1118,'池州市',341701,115,12,1),(1119,'贵池区',341702,115,12,1),(1120,'东至县',341721,115,12,1),(1121,'石台县',341722,115,12,1),(1122,'青阳县',341723,115,12,1),(1123,'宣城市',341801,116,12,1),(1124,'宣州区',341802,116,12,1),(1125,'郎溪县',341821,116,12,1),(1126,'广德县',341822,116,12,1),(1127,'泾县',341823,116,12,1),(1128,'绩溪县',341824,116,12,1),(1129,'旌德县',341825,116,12,1),(1130,'宁国市',341881,116,12,1),(1131,'福州市',350101,117,13,1),(1132,'鼓楼区',350102,117,13,1),(1133,'台江区',350103,117,13,1),(1134,'仓山区',350104,117,13,1),(1135,'马尾区',350105,117,13,1),(1136,'晋安区',350111,117,13,1),(1137,'闽侯县',350121,117,13,1),(1138,'连江县',350122,117,13,1),(1139,'罗源县',350123,117,13,1),(1140,'闽清县',350124,117,13,1),(1141,'永泰县',350125,117,13,1),(1142,'平潭县',350128,117,13,1),(1143,'福清市',350181,117,13,1),(1144,'长乐市',350182,117,13,1),(1145,'厦门市',350201,118,13,1),(1146,'思明区',350203,118,13,1),(1147,'海沧区',350205,118,13,1),(1148,'湖里区',350206,118,13,1),(1149,'集美区',350211,118,13,1),(1150,'同安区',350212,118,13,1),(1151,'翔安区',350213,118,13,1),(1152,'莆田市',350301,119,13,1),(1153,'城厢区',350302,119,13,1),(1154,'涵江区',350303,119,13,1),(1155,'荔城区',350304,119,13,1),(1156,'秀屿区',350305,119,13,1),(1157,'仙游县',350322,119,13,1),(1158,'三明市',350401,120,13,1),(1159,'梅列区',350402,120,13,1),(1160,'三元区',350403,120,13,1),(1161,'明溪县',350421,120,13,1),(1162,'清流县',350423,120,13,1),(1163,'宁化县',350424,120,13,1),(1164,'大田县',350425,120,13,1),(1165,'尤溪县',350426,120,13,1),(1166,'沙县',350427,120,13,1),(1167,'将乐县',350428,120,13,1),(1168,'泰宁县',350429,120,13,1),(1169,'建宁县',350430,120,13,1),(1170,'永安市',350481,120,13,1),(1171,'泉州市',350501,121,13,1),(1172,'鲤城区',350502,121,13,1),(1173,'丰泽区',350503,121,13,1),(1174,'洛江区',350504,121,13,1),(1175,'泉港区',350505,121,13,1),(1176,'惠安县',350521,121,13,1),(1177,'安溪县',350524,121,13,1),(1178,'永春县',350525,121,13,1),(1179,'德化县',350526,121,13,1),(1180,'金门县',350527,121,13,1),(1181,'石狮市',350581,121,13,1),(1182,'晋江市',350582,121,13,1),(1183,'南安市',350583,121,13,1),(1184,'漳州市',350601,122,13,1),(1185,'芗城区',350602,122,13,1),(1186,'龙文区',350603,122,13,1),(1187,'云霄县',350622,122,13,1),(1188,'漳浦县',350623,122,13,1),(1189,'诏安县',350624,122,13,1),(1190,'长泰县',350625,122,13,1),(1191,'东山县',350626,122,13,1),(1192,'南靖县',350627,122,13,1),(1193,'平和县',350628,122,13,1),(1194,'华安县',350629,122,13,1),(1195,'龙海市',350681,122,13,1),(1196,'南平市',350701,123,13,1),(1197,'延平区',350702,123,13,1),(1198,'顺昌县',350721,123,13,1),(1199,'浦城县',350722,123,13,1),(1200,'光泽县',350723,123,13,1),(1201,'松溪县',350724,123,13,1),(1202,'政和县',350725,123,13,1),(1203,'邵武市',350781,123,13,1),(1204,'武夷山市',350782,123,13,1),(1205,'建瓯市',350783,123,13,1),(1206,'建阳市',350784,123,13,1),(1207,'龙岩市',350801,124,13,1),(1208,'新罗区',350802,124,13,1),(1209,'长汀县',350821,124,13,1),(1210,'永定县',350822,124,13,1),(1211,'上杭县',350823,124,13,1),(1212,'武平县',350824,124,13,1),(1213,'连城县',350825,124,13,1),(1214,'漳平市',350881,124,13,1),(1215,'宁德市',350901,125,13,1),(1216,'蕉城区',350902,125,13,1),(1217,'霞浦县',350921,125,13,1),(1218,'古田县',350922,125,13,1),(1219,'屏南县',350923,125,13,1),(1220,'寿宁县',350924,125,13,1),(1221,'周宁县',350925,125,13,1),(1222,'柘荣县',350926,125,13,1),(1223,'福安市',350981,125,13,1),(1224,'福鼎市',350982,125,13,1),(1225,'南昌市',360101,126,14,1),(1226,'东湖区',360102,126,14,1),(1227,'西湖区',360103,126,14,1),(1228,'青云谱区',360104,126,14,1),(1229,'湾里区',360105,126,14,1),(1230,'青山湖区',360111,126,14,1),(1231,'南昌县',360121,126,14,1),(1232,'新建县',360122,126,14,1),(1233,'安义县',360123,126,14,1),(1234,'进贤县',360124,126,14,1),(1235,'景德镇市',360201,127,14,1),(1236,'昌江区',360202,127,14,1),(1237,'珠山区',360203,127,14,1),(1238,'浮梁县',360222,127,14,1),(1239,'乐平市',360281,127,14,1),(1240,'萍乡市',360301,128,14,1),(1241,'安源区',360302,128,14,1),(1242,'湘东区',360313,128,14,1),(1243,'莲花县',360321,128,14,1),(1244,'上栗县',360322,128,14,1),(1245,'芦溪县',360323,128,14,1),(1246,'九江市',360401,129,14,1),(1247,'庐山区',360402,129,14,1),(1248,'浔阳区',360403,129,14,1),(1249,'九江县',360421,129,14,1),(1250,'武宁县',360423,129,14,1),(1251,'修水县',360424,129,14,1),(1252,'永修县',360425,129,14,1),(1253,'德安县',360426,129,14,1),(1254,'星子县',360427,129,14,1),(1255,'都昌县',360428,129,14,1),(1256,'湖口县',360429,129,14,1),(1257,'彭泽县',360430,129,14,1),(1258,'瑞昌市',360481,129,14,1),(1259,'共青城市',360482,129,14,1),(1260,'新余市',360501,130,14,1),(1261,'渝水区',360502,130,14,1),(1262,'分宜县',360521,130,14,1),(1263,'鹰潭市',360601,131,14,1),(1264,'月湖区',360602,131,14,1),(1265,'余江县',360622,131,14,1),(1266,'贵溪市',360681,131,14,1),(1267,'赣州市',360701,132,14,1),(1268,'章贡区',360702,132,14,1),(1269,'赣县',360721,132,14,1),(1270,'信丰县',360722,132,14,1),(1271,'大余县',360723,132,14,1),(1272,'上犹县',360724,132,14,1),(1273,'崇义县',360725,132,14,1),(1274,'安远县',360726,132,14,1),(1275,'龙南县',360727,132,14,1),(1276,'定南县',360728,132,14,1),(1277,'全南县',360729,132,14,1),(1278,'宁都县',360730,132,14,1),(1279,'于都县',360731,132,14,1),(1280,'兴国县',360732,132,14,1),(1281,'会昌县',360733,132,14,1),(1282,'寻乌县',360734,132,14,1),(1283,'石城县',360735,132,14,1),(1284,'瑞金市',360781,132,14,1),(1285,'南康市',360782,132,14,1),(1286,'吉安市',360801,133,14,1),(1287,'吉州区',360802,133,14,1),(1288,'青原区',360803,133,14,1),(1289,'吉安县',360821,133,14,1),(1290,'吉水县',360822,133,14,1),(1291,'峡江县',360823,133,14,1),(1292,'新干县',360824,133,14,1),(1293,'永丰县',360825,133,14,1),(1294,'泰和县',360826,133,14,1),(1295,'遂川县',360827,133,14,1),(1296,'万安县',360828,133,14,1),(1297,'安福县',360829,133,14,1),(1298,'永新县',360830,133,14,1),(1299,'井冈山市',360881,133,14,1),(1300,'宜春市',360901,134,14,1),(1301,'袁州区',360902,134,14,1),(1302,'奉新县',360921,134,14,1),(1303,'万载县',360922,134,14,1),(1304,'上高县',360923,134,14,1),(1305,'宜丰县',360924,134,14,1),(1306,'靖安县',360925,134,14,1),(1307,'铜鼓县',360926,134,14,1),(1308,'丰城市',360981,134,14,1),(1309,'樟树市',360982,134,14,1),(1310,'高安市',360983,134,14,1),(1311,'抚州市',361001,135,14,1),(1312,'临川区',361002,135,14,1),(1313,'南城县',361021,135,14,1),(1314,'黎川县',361022,135,14,1),(1315,'南丰县',361023,135,14,1),(1316,'崇仁县',361024,135,14,1),(1317,'乐安县',361025,135,14,1),(1318,'宜黄县',361026,135,14,1),(1319,'金溪县',361027,135,14,1),(1320,'资溪县',361028,135,14,1),(1321,'东乡县',361029,135,14,1),(1322,'广昌县',361030,135,14,1),(1323,'上饶市',361101,136,14,1),(1324,'信州区',361102,136,14,1),(1325,'上饶县',361121,136,14,1),(1326,'广丰县',361122,136,14,1),(1327,'玉山县',361123,136,14,1),(1328,'铅山县',361124,136,14,1),(1329,'横峰县',361125,136,14,1),(1330,'弋阳县',361126,136,14,1),(1331,'余干县',361127,136,14,1),(1332,'鄱阳县',361128,136,14,1),(1333,'万年县',361129,136,14,1),(1334,'婺源县',361130,136,14,1),(1335,'德兴市',361181,136,14,1),(1336,'济南市',370101,137,15,1),(1337,'历下区',370102,137,15,1),(1338,'市中区',370103,137,15,1),(1339,'槐荫区',370104,137,15,1),(1340,'天桥区',370105,137,15,1),(1341,'历城区',370112,137,15,1),(1342,'长清区',370113,137,15,1),(1343,'平阴县',370124,137,15,1),(1344,'济阳县',370125,137,15,1),(1345,'商河县',370126,137,15,1),(1346,'章丘市',370181,137,15,1),(1347,'青岛市',370201,138,15,1),(1348,'市南区',370202,138,15,1),(1349,'市北区',370203,138,15,1),(1350,'黄岛区',370211,138,15,1),(1351,'崂山区',370212,138,15,1),(1352,'李沧区',370213,138,15,1),(1353,'城阳区',370214,138,15,1),(1354,'胶州市',370281,138,15,1),(1355,'即墨市',370282,138,15,1),(1356,'平度市',370283,138,15,1),(1357,'莱西市',370285,138,15,1),(1358,'淄博市',370301,139,15,1),(1359,'淄川区',370302,139,15,1),(1360,'张店区',370303,139,15,1),(1361,'博山区',370304,139,15,1),(1362,'临淄区',370305,139,15,1),(1363,'周村区',370306,139,15,1),(1364,'桓台县',370321,139,15,1),(1365,'高青县',370322,139,15,1),(1366,'沂源县',370323,139,15,1),(1367,'枣庄市',370401,140,15,1),(1368,'市中区',370402,140,15,1),(1369,'薛城区',370403,140,15,1),(1370,'峄城区',370404,140,15,1),(1371,'台儿庄区',370405,140,15,1),(1372,'山亭区',370406,140,15,1),(1373,'滕州市',370481,140,15,1),(1374,'东营市',370501,141,15,1),(1375,'东营区',370502,141,15,1),(1376,'河口区',370503,141,15,1),(1377,'垦利县',370521,141,15,1),(1378,'利津县',370522,141,15,1),(1379,'广饶县',370523,141,15,1),(1380,'烟台市',370601,142,15,1),(1381,'芝罘区',370602,142,15,1),(1382,'福山区',370611,142,15,1),(1383,'牟平区',370612,142,15,1),(1384,'莱山区',370613,142,15,1),(1385,'长岛县',370634,142,15,1),(1386,'龙口市',370681,142,15,1),(1387,'莱阳市',370682,142,15,1),(1388,'莱州市',370683,142,15,1),(1389,'蓬莱市',370684,142,15,1),(1390,'招远市',370685,142,15,1),(1391,'栖霞市',370686,142,15,1),(1392,'海阳市',370687,142,15,1),(1393,'潍坊市',370701,143,15,1),(1394,'潍城区',370702,143,15,1),(1395,'寒亭区',370703,143,15,1),(1396,'坊子区',370704,143,15,1),(1397,'奎文区',370705,143,15,1),(1398,'临朐县',370724,143,15,1),(1399,'昌乐县',370725,143,15,1),(1400,'青州市',370781,143,15,1),(1401,'诸城市',370782,143,15,1),(1402,'寿光市',370783,143,15,1),(1403,'安丘市',370784,143,15,1),(1404,'高密市',370785,143,15,1),(1405,'昌邑市',370786,143,15,1),(1406,'济宁市',370801,144,15,1),(1407,'市中区',370802,144,15,1),(1408,'任城区',370811,144,15,1),(1409,'微山县',370826,144,15,1),(1410,'鱼台县',370827,144,15,1),(1411,'金乡县',370828,144,15,1),(1412,'嘉祥县',370829,144,15,1),(1413,'汶上县',370830,144,15,1),(1414,'泗水县',370831,144,15,1),(1415,'梁山县',370832,144,15,1),(1416,'曲阜市',370881,144,15,1),(1417,'兖州市',370882,144,15,1),(1418,'邹城市',370883,144,15,1),(1419,'泰安市',370901,145,15,1),(1420,'泰山区',370902,145,15,1),(1421,'岱岳区',370911,145,15,1),(1422,'宁阳县',370921,145,15,1),(1423,'东平县',370923,145,15,1),(1424,'新泰市',370982,145,15,1),(1425,'肥城市',370983,145,15,1),(1426,'威海市',371001,146,15,1),(1427,'环翠区',371002,146,15,1),(1428,'文登市',371081,146,15,1),(1429,'荣成市',371082,146,15,1),(1430,'乳山市',371083,146,15,1),(1431,'日照市',371101,147,15,1),(1432,'东港区',371102,147,15,1),(1433,'岚山区',371103,147,15,1),(1434,'五莲县',371121,147,15,1),(1435,'莒县',371122,147,15,1),(1436,'莱芜市',371201,148,15,1),(1437,'莱城区',371202,148,15,1),(1438,'钢城区',371203,148,15,1),(1439,'临沂市',371301,149,15,1),(1440,'兰山区',371302,149,15,1),(1441,'罗庄区',371311,149,15,1),(1442,'河东区',371312,149,15,1),(1443,'沂南县',371321,149,15,1),(1444,'郯城县',371322,149,15,1),(1445,'沂水县',371323,149,15,1),(1446,'苍山县',371324,149,15,1),(1447,'费县',371325,149,15,1),(1448,'平邑县',371326,149,15,1),(1449,'莒南县',371327,149,15,1),(1450,'蒙阴县',371328,149,15,1),(1451,'临沭县',371329,149,15,1),(1452,'德州市',371401,150,15,1),(1453,'德城区',371402,150,15,1),(1454,'陵县',371421,150,15,1),(1455,'宁津县',371422,150,15,1),(1456,'庆云县',371423,150,15,1),(1457,'临邑县',371424,150,15,1),(1458,'齐河县',371425,150,15,1),(1459,'平原县',371426,150,15,1),(1460,'夏津县',371427,150,15,1),(1461,'武城县',371428,150,15,1),(1462,'乐陵市',371481,150,15,1),(1463,'禹城市',371482,150,15,1),(1464,'聊城市',371501,151,15,1),(1465,'东昌府区',371502,151,15,1),(1466,'阳谷县',371521,151,15,1),(1467,'莘县',371522,151,15,1),(1468,'茌平县',371523,151,15,1),(1469,'东阿县',371524,151,15,1),(1470,'冠县',371525,151,15,1),(1471,'高唐县',371526,151,15,1),(1472,'临清市',371581,151,15,1),(1473,'滨州市',371601,152,15,1),(1474,'滨城区',371602,152,15,1),(1475,'惠民县',371621,152,15,1),(1476,'阳信县',371622,152,15,1),(1477,'无棣县',371623,152,15,1),(1478,'沾化县',371624,152,15,1),(1479,'博兴县',371625,152,15,1),(1480,'邹平县',371626,152,15,1),(1481,'菏泽市',371701,153,15,1),(1482,'牡丹区',371702,153,15,1),(1483,'曹县',371721,153,15,1),(1484,'单县',371722,153,15,1),(1485,'成武县',371723,153,15,1),(1486,'巨野县',371724,153,15,1),(1487,'郓城县',371725,153,15,1),(1488,'鄄城县',371726,153,15,1),(1489,'定陶县',371727,153,15,1),(1490,'东明县',371728,153,15,1),(1491,'郑州市',410101,154,16,1),(1492,'中原区',410102,154,16,1),(1493,'二七区',410103,154,16,1),(1494,'管城回族区',410104,154,16,1),(1495,'金水区',410105,154,16,1),(1496,'上街区',410106,154,16,1),(1497,'惠济区',410108,154,16,1),(1498,'中牟县',410122,154,16,1),(1499,'巩义市',410181,154,16,1),(1500,'荥阳市',410182,154,16,1),(1501,'新密市',410183,154,16,1),(1502,'新郑市',410184,154,16,1),(1503,'登封市',410185,154,16,1),(1504,'开封市',410201,155,16,1),(1505,'龙亭区',410202,155,16,1),(1506,'顺河回族区',410203,155,16,1),(1507,'鼓楼区',410204,155,16,1),(1508,'禹王台区',410205,155,16,1),(1509,'金明区',410211,155,16,1),(1510,'杞县',410221,155,16,1),(1511,'通许县',410222,155,16,1),(1512,'尉氏县',410223,155,16,1),(1513,'开封县',410224,155,16,1),(1514,'兰考县',410225,155,16,1),(1515,'洛阳市',410301,156,16,1),(1516,'老城区',410302,156,16,1),(1517,'西工区',410303,156,16,1),(1518,'瀍河回族区',410304,156,16,1),(1519,'涧西区',410305,156,16,1),(1520,'吉利区',410306,156,16,1),(1521,'洛龙区',410311,156,16,1),(1522,'孟津县',410322,156,16,1),(1523,'新安县',410323,156,16,1),(1524,'栾川县',410324,156,16,1),(1525,'嵩县',410325,156,16,1),(1526,'汝阳县',410326,156,16,1),(1527,'宜阳县',410327,156,16,1),(1528,'洛宁县',410328,156,16,1),(1529,'伊川县',410329,156,16,1),(1530,'偃师市',410381,156,16,1),(1531,'平顶山市',410401,157,16,1),(1532,'新华区',410402,157,16,1),(1533,'卫东区',410403,157,16,1),(1534,'石龙区',410404,157,16,1),(1535,'湛河区',410411,157,16,1),(1536,'宝丰县',410421,157,16,1),(1537,'叶县',410422,157,16,1),(1538,'鲁山县',410423,157,16,1),(1539,'郏县',410425,157,16,1),(1540,'舞钢市',410481,157,16,1),(1541,'汝州市',410482,157,16,1),(1542,'安阳市',410501,158,16,1),(1543,'文峰区',410502,158,16,1),(1544,'北关区',410503,158,16,1),(1545,'殷都区',410505,158,16,1),(1546,'龙安区',410506,158,16,1),(1547,'安阳县',410522,158,16,1),(1548,'汤阴县',410523,158,16,1),(1549,'滑县',410526,158,16,1),(1550,'内黄县',410527,158,16,1),(1551,'林州市',410581,158,16,1),(1552,'鹤壁市',410601,159,16,1),(1553,'鹤山区',410602,159,16,1),(1554,'山城区',410603,159,16,1),(1555,'淇滨区',410611,159,16,1),(1556,'浚县',410621,159,16,1),(1557,'淇县',410622,159,16,1),(1558,'新乡市',410701,160,16,1),(1559,'红旗区',410702,160,16,1),(1560,'卫滨区',410703,160,16,1),(1561,'凤泉区',410704,160,16,1),(1562,'牧野区',410711,160,16,1),(1563,'新乡县',410721,160,16,1),(1564,'获嘉县',410724,160,16,1),(1565,'原阳县',410725,160,16,1),(1566,'延津县',410726,160,16,1),(1567,'封丘县',410727,160,16,1),(1568,'长垣县',410728,160,16,1),(1569,'卫辉市',410781,160,16,1),(1570,'辉县市',410782,160,16,1),(1571,'焦作市',410801,161,16,1),(1572,'解放区',410802,161,16,1),(1573,'中站区',410803,161,16,1),(1574,'马村区',410804,161,16,1),(1575,'山阳区',410811,161,16,1),(1576,'修武县',410821,161,16,1),(1577,'博爱县',410822,161,16,1),(1578,'武陟县',410823,161,16,1),(1579,'温县',410825,161,16,1),(1580,'沁阳市',410882,161,16,1),(1581,'孟州市',410883,161,16,1),(1582,'濮阳市',410901,162,16,1),(1583,'华龙区',410902,162,16,1),(1584,'清丰县',410922,162,16,1),(1585,'南乐县',410923,162,16,1),(1586,'范县',410926,162,16,1),(1587,'台前县',410927,162,16,1),(1588,'濮阳县',410928,162,16,1),(1589,'许昌市',411001,163,16,1),(1590,'魏都区',411002,163,16,1),(1591,'许昌县',411023,163,16,1),(1592,'鄢陵县',411024,163,16,1),(1593,'襄城县',411025,163,16,1),(1594,'禹州市',411081,163,16,1),(1595,'长葛市',411082,163,16,1),(1596,'漯河市',411101,164,16,1),(1597,'源汇区',411102,164,16,1),(1598,'郾城区',411103,164,16,1),(1599,'召陵区',411104,164,16,1),(1600,'舞阳县',411121,164,16,1),(1601,'临颍县',411122,164,16,1),(1602,'三门峡市',411201,165,16,1),(1603,'湖滨区',411202,165,16,1),(1604,'渑池县',411221,165,16,1),(1605,'陕县',411222,165,16,1),(1606,'卢氏县',411224,165,16,1),(1607,'义马市',411281,165,16,1),(1608,'灵宝市',411282,165,16,1),(1609,'南阳市',411301,166,16,1),(1610,'宛城区',411302,166,16,1),(1611,'卧龙区',411303,166,16,1),(1612,'南召县',411321,166,16,1),(1613,'方城县',411322,166,16,1),(1614,'西峡县',411323,166,16,1),(1615,'镇平县',411324,166,16,1),(1616,'内乡县',411325,166,16,1),(1617,'淅川县',411326,166,16,1),(1618,'社旗县',411327,166,16,1),(1619,'唐河县',411328,166,16,1),(1620,'新野县',411329,166,16,1),(1621,'桐柏县',411330,166,16,1),(1622,'邓州市',411381,166,16,1),(1623,'商丘市',411401,167,16,1),(1624,'梁园区',411402,167,16,1),(1625,'睢阳区',411403,167,16,1),(1626,'民权县',411421,167,16,1),(1627,'睢县',411422,167,16,1),(1628,'宁陵县',411423,167,16,1),(1629,'柘城县',411424,167,16,1),(1630,'虞城县',411425,167,16,1),(1631,'夏邑县',411426,167,16,1),(1632,'永城市',411481,167,16,1),(1633,'信阳市',411501,168,16,1),(1634,'浉河区',411502,168,16,1),(1635,'平桥区',411503,168,16,1),(1636,'罗山县',411521,168,16,1),(1637,'光山县',411522,168,16,1),(1638,'新县',411523,168,16,1),(1639,'商城县',411524,168,16,1),(1640,'固始县',411525,168,16,1),(1641,'潢川县',411526,168,16,1),(1642,'淮滨县',411527,168,16,1),(1643,'息县',411528,168,16,1),(1644,'周口市',411601,169,16,1),(1645,'川汇区',411602,169,16,1),(1646,'扶沟县',411621,169,16,1),(1647,'西华县',411622,169,16,1),(1648,'商水县',411623,169,16,1),(1649,'沈丘县',411624,169,16,1),(1650,'郸城县',411625,169,16,1),(1651,'淮阳县',411626,169,16,1),(1652,'太康县',411627,169,16,1),(1653,'鹿邑县',411628,169,16,1),(1654,'项城市',411681,169,16,1),(1655,'驻马店市',411701,170,16,1),(1656,'驿城区',411702,170,16,1),(1657,'西平县',411721,170,16,1),(1658,'上蔡县',411722,170,16,1),(1659,'平舆县',411723,170,16,1),(1660,'正阳县',411724,170,16,1),(1661,'确山县',411725,170,16,1),(1662,'泌阳县',411726,170,16,1),(1663,'汝南县',411727,170,16,1),(1664,'遂平县',411728,170,16,1),(1665,'新蔡县',411729,170,16,1),(1666,'济源市',419001,171,16,1),(1667,'武汉市',420101,172,17,1),(1668,'江岸区',420102,172,17,1),(1669,'江汉区',420103,172,17,1),(1670,'硚口区',420104,172,17,1),(1671,'汉阳区',420105,172,17,1),(1672,'武昌区',420106,172,17,1),(1673,'青山区',420107,172,17,1),(1674,'洪山区',420111,172,17,1),(1675,'东西湖区',420112,172,17,1),(1676,'汉南区',420113,172,17,1),(1677,'蔡甸区',420114,172,17,1),(1678,'江夏区',420115,172,17,1),(1679,'黄陂区',420116,172,17,1),(1680,'新洲区',420117,172,17,1),(1681,'黄石市',420201,173,17,1),(1682,'黄石港区',420202,173,17,1),(1683,'西塞山区',420203,173,17,1),(1684,'下陆区',420204,173,17,1),(1685,'铁山区',420205,173,17,1),(1686,'阳新县',420222,173,17,1),(1687,'大冶市',420281,173,17,1),(1688,'十堰市',420301,174,17,1),(1689,'茅箭区',420302,174,17,1),(1690,'张湾区',420303,174,17,1),(1691,'郧县',420321,174,17,1),(1692,'郧西县',420322,174,17,1),(1693,'竹山县',420323,174,17,1),(1694,'竹溪县',420324,174,17,1),(1695,'房县',420325,174,17,1),(1696,'丹江口市',420381,174,17,1),(1697,'宜昌市',420501,175,17,1),(1698,'西陵区',420502,175,17,1),(1699,'伍家岗区',420503,175,17,1),(1700,'点军区',420504,175,17,1),(1701,'猇亭区',420505,175,17,1),(1702,'夷陵区',420506,175,17,1),(1703,'远安县',420525,175,17,1),(1704,'兴山县',420526,175,17,1),(1705,'秭归县',420527,175,17,1),(1706,'长阳土家族自治县',420528,175,17,1),(1707,'五峰土家族自治县',420529,175,17,1),(1708,'宜都市',420581,175,17,1),(1709,'当阳市',420582,175,17,1),(1710,'枝江市',420583,175,17,1),(1711,'襄阳市',420601,176,17,1),(1712,'襄城区',420602,176,17,1),(1713,'樊城区',420606,176,17,1),(1714,'襄州区',420607,176,17,1),(1715,'南漳县',420624,176,17,1),(1716,'谷城县',420625,176,17,1),(1717,'保康县',420626,176,17,1),(1718,'老河口市',420682,176,17,1),(1719,'枣阳市',420683,176,17,1),(1720,'宜城市',420684,176,17,1),(1721,'鄂州市',420701,177,17,1),(1722,'梁子湖区',420702,177,17,1),(1723,'华容区',420703,177,17,1),(1724,'鄂城区',420704,177,17,1),(1725,'荆门市',420801,178,17,1),(1726,'东宝区',420802,178,17,1),(1727,'掇刀区',420804,178,17,1),(1728,'京山县',420821,178,17,1),(1729,'沙洋县',420822,178,17,1),(1730,'钟祥市',420881,178,17,1),(1731,'孝感市',420901,179,17,1),(1732,'孝南区',420902,179,17,1),(1733,'孝昌县',420921,179,17,1),(1734,'大悟县',420922,179,17,1),(1735,'云梦县',420923,179,17,1),(1736,'应城市',420981,179,17,1),(1737,'安陆市',420982,179,17,1),(1738,'汉川市',420984,179,17,1),(1739,'荆州市',421001,180,17,1),(1740,'沙市区',421002,180,17,1),(1741,'荆州区',421003,180,17,1),(1742,'公安县',421022,180,17,1),(1743,'监利县',421023,180,17,1),(1744,'江陵县',421024,180,17,1),(1745,'石首市',421081,180,17,1),(1746,'洪湖市',421083,180,17,1),(1747,'松滋市',421087,180,17,1),(1748,'黄冈市',421101,181,17,1),(1749,'黄州区',421102,181,17,1),(1750,'团风县',421121,181,17,1),(1751,'红安县',421122,181,17,1),(1752,'罗田县',421123,181,17,1),(1753,'英山县',421124,181,17,1),(1754,'浠水县',421125,181,17,1),(1755,'蕲春县',421126,181,17,1),(1756,'黄梅县',421127,181,17,1),(1757,'麻城市',421181,181,17,1),(1758,'武穴市',421182,181,17,1),(1759,'咸宁市',421201,182,17,1),(1760,'咸安区',421202,182,17,1),(1761,'嘉鱼县',421221,182,17,1),(1762,'通城县',421222,182,17,1),(1763,'崇阳县',421223,182,17,1),(1764,'通山县',421224,182,17,1),(1765,'赤壁市',421281,182,17,1),(1766,'随州市',421301,183,17,1),(1767,'曾都区',421303,183,17,1),(1768,'随县',421321,183,17,1),(1769,'广水市',421381,183,17,1),(1770,'恩施市',422801,184,17,1),(1771,'利川市',422802,184,17,1),(1772,'建始县',422822,184,17,1),(1773,'巴东县',422823,184,17,1),(1774,'宣恩县',422825,184,17,1),(1775,'咸丰县',422826,184,17,1),(1776,'来凤县',422827,184,17,1),(1777,'鹤峰县',422828,184,17,1),(1778,'仙桃市',429004,185,17,1),(1779,'潜江市',429005,185,17,1),(1780,'天门市',429006,185,17,1),(1781,'神农架林区',429021,185,17,1),(1782,'长沙市',430101,186,18,1),(1783,'芙蓉区',430102,186,18,1),(1784,'天心区',430103,186,18,1),(1785,'岳麓区',430104,186,18,1),(1786,'开福区',430105,186,18,1),(1787,'雨花区',430111,186,18,1),(1788,'望城区',430112,186,18,1),(1789,'长沙县',430121,186,18,1),(1790,'宁乡县',430124,186,18,1),(1791,'浏阳市',430181,186,18,1),(1792,'株洲市',430201,187,18,1),(1793,'荷塘区',430202,187,18,1),(1794,'芦淞区',430203,187,18,1),(1795,'石峰区',430204,187,18,1),(1796,'天元区',430211,187,18,1),(1797,'株洲县',430221,187,18,1),(1798,'攸县',430223,187,18,1),(1799,'茶陵县',430224,187,18,1),(1800,'炎陵县',430225,187,18,1),(1801,'醴陵市',430281,187,18,1),(1802,'湘潭市',430301,188,18,1),(1803,'雨湖区',430302,188,18,1),(1804,'岳塘区',430304,188,18,1),(1805,'湘潭县',430321,188,18,1),(1806,'湘乡市',430381,188,18,1),(1807,'韶山市',430382,188,18,1),(1808,'衡阳市',430401,189,18,1),(1809,'珠晖区',430405,189,18,1),(1810,'雁峰区',430406,189,18,1),(1811,'石鼓区',430407,189,18,1),(1812,'蒸湘区',430408,189,18,1),(1813,'南岳区',430412,189,18,1),(1814,'衡阳县',430421,189,18,1),(1815,'衡南县',430422,189,18,1),(1816,'衡山县',430423,189,18,1),(1817,'衡东县',430424,189,18,1),(1818,'祁东县',430426,189,18,1),(1819,'耒阳市',430481,189,18,1),(1820,'常宁市',430482,189,18,1),(1821,'邵阳市',430501,190,18,1),(1822,'双清区',430502,190,18,1),(1823,'大祥区',430503,190,18,1),(1824,'北塔区',430511,190,18,1),(1825,'邵东县',430521,190,18,1),(1826,'新邵县',430522,190,18,1),(1827,'邵阳县',430523,190,18,1),(1828,'隆回县',430524,190,18,1),(1829,'洞口县',430525,190,18,1),(1830,'绥宁县',430527,190,18,1),(1831,'新宁县',430528,190,18,1),(1832,'城步苗族自治县',430529,190,18,1),(1833,'武冈市',430581,190,18,1),(1834,'岳阳市',430601,191,18,1),(1835,'岳阳楼区',430602,191,18,1),(1836,'云溪区',430603,191,18,1),(1837,'君山区',430611,191,18,1),(1838,'岳阳县',430621,191,18,1),(1839,'华容县',430623,191,18,1),(1840,'湘阴县',430624,191,18,1),(1841,'平江县',430626,191,18,1),(1842,'汨罗市',430681,191,18,1),(1843,'临湘市',430682,191,18,1),(1844,'常德市',430701,192,18,1),(1845,'武陵区',430702,192,18,1),(1846,'鼎城区',430703,192,18,1),(1847,'安乡县',430721,192,18,1),(1848,'汉寿县',430722,192,18,1),(1849,'澧县',430723,192,18,1),(1850,'临澧县',430724,192,18,1),(1851,'桃源县',430725,192,18,1),(1852,'石门县',430726,192,18,1),(1853,'津市市',430781,192,18,1),(1854,'张家界市',430801,193,18,1),(1855,'永定区',430802,193,18,1),(1856,'武陵源区',430811,193,18,1),(1857,'慈利县',430821,193,18,1),(1858,'桑植县',430822,193,18,1),(1859,'益阳市',430901,194,18,1),(1860,'资阳区',430902,194,18,1),(1861,'赫山区',430903,194,18,1),(1862,'南县',430921,194,18,1),(1863,'桃江县',430922,194,18,1),(1864,'安化县',430923,194,18,1),(1865,'沅江市',430981,194,18,1),(1866,'郴州市',431001,195,18,1),(1867,'北湖区',431002,195,18,1),(1868,'苏仙区',431003,195,18,1),(1869,'桂阳县',431021,195,18,1),(1870,'宜章县',431022,195,18,1),(1871,'永兴县',431023,195,18,1),(1872,'嘉禾县',431024,195,18,1),(1873,'临武县',431025,195,18,1),(1874,'汝城县',431026,195,18,1),(1875,'桂东县',431027,195,18,1),(1876,'安仁县',431028,195,18,1),(1877,'资兴市',431081,195,18,1),(1878,'永州市',431101,196,18,1),(1879,'零陵区',431102,196,18,1),(1880,'冷水滩区',431103,196,18,1),(1881,'祁阳县',431121,196,18,1),(1882,'东安县',431122,196,18,1),(1883,'双牌县',431123,196,18,1),(1884,'道县',431124,196,18,1),(1885,'江永县',431125,196,18,1),(1886,'宁远县',431126,196,18,1),(1887,'蓝山县',431127,196,18,1),(1888,'新田县',431128,196,18,1),(1889,'江华瑶族自治县',431129,196,18,1),(1890,'怀化市',431201,197,18,1),(1891,'鹤城区',431202,197,18,1),(1892,'中方县',431221,197,18,1),(1893,'沅陵县',431222,197,18,1),(1894,'辰溪县',431223,197,18,1),(1895,'溆浦县',431224,197,18,1),(1896,'会同县',431225,197,18,1),(1897,'麻阳苗族自治县',431226,197,18,1),(1898,'新晃侗族自治县',431227,197,18,1),(1899,'芷江侗族自治县',431228,197,18,1),(1900,'靖州苗族侗族自治县',431229,197,18,1),(1901,'通道侗族自治县',431230,197,18,1),(1902,'洪江市',431281,197,18,1),(1903,'娄底市',431301,198,18,1),(1904,'娄星区',431302,198,18,1),(1905,'双峰县',431321,198,18,1),(1906,'新化县',431322,198,18,1),(1907,'冷水江市',431381,198,18,1),(1908,'涟源市',431382,198,18,1),(1909,'吉首市',433101,199,18,1),(1910,'泸溪县',433122,199,18,1),(1911,'凤凰县',433123,199,18,1),(1912,'花垣县',433124,199,18,1),(1913,'保靖县',433125,199,18,1),(1914,'古丈县',433126,199,18,1),(1915,'永顺县',433127,199,18,1),(1916,'龙山县',433130,199,18,1),(1917,'广州市',440101,200,19,1),(1918,'荔湾区',440103,200,19,1),(1919,'越秀区',440104,200,19,1),(1920,'海珠区',440105,200,19,1),(1921,'天河区',440106,200,19,1),(1922,'白云区',440111,200,19,1),(1923,'黄埔区',440112,200,19,1),(1924,'番禺区',440113,200,19,1),(1925,'花都区',440114,200,19,1),(1926,'南沙区',440115,200,19,1),(1927,'萝岗区',440116,200,19,1),(1928,'增城市',440183,200,19,1),(1929,'从化市',440184,200,19,1),(1930,'韶关市',440201,201,19,1),(1931,'武江区',440203,201,19,1),(1932,'浈江区',440204,201,19,1),(1933,'曲江区',440205,201,19,1),(1934,'始兴县',440222,201,19,1),(1935,'仁化县',440224,201,19,1),(1936,'翁源县',440229,201,19,1),(1937,'乳源瑶族自治县',440232,201,19,1),(1938,'新丰县',440233,201,19,1),(1939,'乐昌市',440281,201,19,1),(1940,'南雄市',440282,201,19,1),(1941,'深圳市',440301,202,19,1),(1942,'罗湖区',440303,202,19,1),(1943,'福田区',440304,202,19,1),(1944,'南山区',440305,202,19,1),(1945,'宝安区',440306,202,19,1),(1946,'龙岗区',440307,202,19,1),(1947,'盐田区',440308,202,19,1),(1948,'珠海市',440401,203,19,1),(1949,'香洲区',440402,203,19,1),(1950,'斗门区',440403,203,19,1),(1951,'金湾区',440404,203,19,1),(1952,'汕头市',440501,204,19,1),(1953,'龙湖区',440507,204,19,1),(1954,'金平区',440511,204,19,1),(1955,'濠江区',440512,204,19,1),(1956,'潮阳区',440513,204,19,1),(1957,'潮南区',440514,204,19,1),(1958,'澄海区',440515,204,19,1),(1959,'南澳县',440523,204,19,1),(1960,'佛山市',440601,205,19,1),(1961,'禅城区',440604,205,19,1),(1962,'南海区',440605,205,19,1),(1963,'顺德区',440606,205,19,1),(1964,'三水区',440607,205,19,1),(1965,'高明区',440608,205,19,1),(1966,'江门市',440701,206,19,1),(1967,'蓬江区',440703,206,19,1),(1968,'江海区',440704,206,19,1),(1969,'新会区',440705,206,19,1),(1970,'台山市',440781,206,19,1),(1971,'开平市',440783,206,19,1),(1972,'鹤山市',440784,206,19,1),(1973,'恩平市',440785,206,19,1),(1974,'湛江市',440801,207,19,1),(1975,'赤坎区',440802,207,19,1),(1976,'霞山区',440803,207,19,1),(1977,'坡头区',440804,207,19,1),(1978,'麻章区',440811,207,19,1),(1979,'遂溪县',440823,207,19,1),(1980,'徐闻县',440825,207,19,1),(1981,'廉江市',440881,207,19,1),(1982,'雷州市',440882,207,19,1),(1983,'吴川市',440883,207,19,1),(1984,'茂名市',440901,208,19,1),(1985,'茂南区',440902,208,19,1),(1986,'茂港区',440903,208,19,1),(1987,'电白县',440923,208,19,1),(1988,'高州市',440981,208,19,1),(1989,'化州市',440982,208,19,1),(1990,'信宜市',440983,208,19,1),(1991,'肇庆市',441201,209,19,1),(1992,'端州区',441202,209,19,1),(1993,'鼎湖区',441203,209,19,1),(1994,'广宁县',441223,209,19,1),(1995,'怀集县',441224,209,19,1),(1996,'封开县',441225,209,19,1),(1997,'德庆县',441226,209,19,1),(1998,'高要市',441283,209,19,1),(1999,'四会市',441284,209,19,1),(2000,'惠州市',441301,210,19,1),(2001,'惠城区',441302,210,19,1),(2002,'惠阳区',441303,210,19,1),(2003,'博罗县',441322,210,19,1),(2004,'惠东县',441323,210,19,1),(2005,'龙门县',441324,210,19,1),(2006,'梅州市',441401,211,19,1),(2007,'梅江区',441402,211,19,1),(2008,'梅县',441421,211,19,1),(2009,'大埔县',441422,211,19,1),(2010,'丰顺县',441423,211,19,1),(2011,'五华县',441424,211,19,1),(2012,'平远县',441426,211,19,1),(2013,'蕉岭县',441427,211,19,1),(2014,'兴宁市',441481,211,19,1),(2015,'汕尾市',441501,212,19,1),(2016,'城区',441502,212,19,1),(2017,'海丰县',441521,212,19,1),(2018,'陆河县',441523,212,19,1),(2019,'陆丰市',441581,212,19,1),(2020,'河源市',441601,213,19,1),(2021,'源城区',441602,213,19,1),(2022,'紫金县',441621,213,19,1),(2023,'龙川县',441622,213,19,1),(2024,'连平县',441623,213,19,1),(2025,'和平县',441624,213,19,1),(2026,'东源县',441625,213,19,1),(2027,'阳江市',441701,214,19,1),(2028,'江城区',441702,214,19,1),(2029,'阳西县',441721,214,19,1),(2030,'阳东县',441723,214,19,1),(2031,'阳春市',441781,214,19,1),(2032,'清远市',441801,215,19,1),(2033,'清城区',441802,215,19,1),(2034,'清新区',441803,215,19,1),(2035,'佛冈县',441821,215,19,1),(2036,'阳山县',441823,215,19,1),(2037,'连山壮族瑶族自治县',441825,215,19,1),(2038,'连南瑶族自治县',441826,215,19,1),(2039,'英德市',441881,215,19,1),(2040,'连州市',441882,215,19,1),(2041,'潮州市',445101,218,19,1),(2042,'湘桥区',445102,218,19,1),(2043,'潮安区',445103,218,19,1),(2044,'饶平县',445122,218,19,1),(2045,'揭阳市',445201,219,19,1),(2046,'榕城区',445202,219,19,1),(2047,'揭东区',445203,219,19,1),(2048,'揭西县',445222,219,19,1),(2049,'惠来县',445224,219,19,1),(2050,'普宁市',445281,219,19,1),(2051,'云浮市',445301,220,19,1),(2052,'云城区',445302,220,19,1),(2053,'新兴县',445321,220,19,1),(2054,'郁南县',445322,220,19,1),(2055,'云安县',445323,220,19,1),(2056,'罗定市',445381,220,19,1),(2057,'南宁市',450101,221,20,1),(2058,'兴宁区',450102,221,20,1),(2059,'青秀区',450103,221,20,1),(2060,'江南区',450105,221,20,1),(2061,'西乡塘区',450107,221,20,1),(2062,'良庆区',450108,221,20,1),(2063,'邕宁区',450109,221,20,1),(2064,'武鸣县',450122,221,20,1),(2065,'隆安县',450123,221,20,1),(2066,'马山县',450124,221,20,1),(2067,'上林县',450125,221,20,1),(2068,'宾阳县',450126,221,20,1),(2069,'横县',450127,221,20,1),(2070,'柳州市',450201,222,20,1),(2071,'城中区',450202,222,20,1),(2072,'鱼峰区',450203,222,20,1),(2073,'柳南区',450204,222,20,1),(2074,'柳北区',450205,222,20,1),(2075,'柳江县',450221,222,20,1),(2076,'柳城县',450222,222,20,1),(2077,'鹿寨县',450223,222,20,1),(2078,'融安县',450224,222,20,1),(2079,'融水苗族自治县',450225,222,20,1),(2080,'三江侗族自治县',450226,222,20,1),(2081,'桂林市',450301,223,20,1),(2082,'秀峰区',450302,223,20,1),(2083,'叠彩区',450303,223,20,1),(2084,'象山区',450304,223,20,1),(2085,'七星区',450305,223,20,1),(2086,'雁山区',450311,223,20,1),(2087,'临桂区',450312,223,20,1),(2088,'阳朔县',450321,223,20,1),(2089,'灵川县',450323,223,20,1),(2090,'全州县',450324,223,20,1),(2091,'兴安县',450325,223,20,1),(2092,'永福县',450326,223,20,1),(2093,'灌阳县',450327,223,20,1),(2094,'龙胜各族自治县',450328,223,20,1),(2095,'资源县',450329,223,20,1),(2096,'平乐县',450330,223,20,1),(2097,'荔浦县',450331,223,20,1),(2098,'恭城瑶族自治县',450332,223,20,1),(2099,'梧州市',450401,224,20,1),(2100,'万秀区',450403,224,20,1),(2101,'长洲区',450405,224,20,1),(2102,'龙圩区',450406,224,20,1),(2103,'苍梧县',450421,224,20,1),(2104,'藤县',450422,224,20,1),(2105,'蒙山县',450423,224,20,1),(2106,'岑溪市',450481,224,20,1),(2107,'北海市',450501,225,20,1),(2108,'海城区',450502,225,20,1),(2109,'银海区',450503,225,20,1),(2110,'铁山港区',450512,225,20,1),(2111,'合浦县',450521,225,20,1),(2112,'防城港市',450601,226,20,1),(2113,'港口区',450602,226,20,1),(2114,'防城区',450603,226,20,1),(2115,'上思县',450621,226,20,1),(2116,'东兴市',450681,226,20,1),(2117,'钦州市',450701,227,20,1),(2118,'钦南区',450702,227,20,1),(2119,'钦北区',450703,227,20,1),(2120,'灵山县',450721,227,20,1),(2121,'浦北县',450722,227,20,1),(2122,'贵港市',450801,228,20,1),(2123,'港北区',450802,228,20,1),(2124,'港南区',450803,228,20,1),(2125,'覃塘区',450804,228,20,1),(2126,'平南县',450821,228,20,1),(2127,'桂平市',450881,228,20,1),(2128,'玉林市',450901,229,20,1),(2129,'玉州区',450902,229,20,1),(2130,'福绵区',450903,229,20,1),(2131,'容县',450921,229,20,1),(2132,'陆川县',450922,229,20,1),(2133,'博白县',450923,229,20,1),(2134,'兴业县',450924,229,20,1),(2135,'北流市',450981,229,20,1),(2136,'百色市',451001,230,20,1),(2137,'右江区',451002,230,20,1),(2138,'田阳县',451021,230,20,1),(2139,'田东县',451022,230,20,1),(2140,'平果县',451023,230,20,1),(2141,'德保县',451024,230,20,1),(2142,'靖西县',451025,230,20,1),(2143,'那坡县',451026,230,20,1),(2144,'凌云县',451027,230,20,1),(2145,'乐业县',451028,230,20,1),(2146,'田林县',451029,230,20,1),(2147,'西林县',451030,230,20,1),(2148,'隆林各族自治县',451031,230,20,1),(2149,'贺州市',451101,231,20,1),(2150,'八步区',451102,231,20,1),(2151,'昭平县',451121,231,20,1),(2152,'钟山县',451122,231,20,1),(2153,'富川瑶族自治县',451123,231,20,1),(2154,'河池市',451201,232,20,1),(2155,'金城江区',451202,232,20,1),(2156,'南丹县',451221,232,20,1),(2157,'天峨县',451222,232,20,1),(2158,'凤山县',451223,232,20,1),(2159,'东兰县',451224,232,20,1),(2160,'罗城仫佬族自治县',451225,232,20,1),(2161,'环江毛南族自治县',451226,232,20,1),(2162,'巴马瑶族自治县',451227,232,20,1),(2163,'都安瑶族自治县',451228,232,20,1),(2164,'大化瑶族自治县',451229,232,20,1),(2165,'宜州市',451281,232,20,1),(2166,'来宾市',451301,233,20,1),(2167,'兴宾区',451302,233,20,1),(2168,'忻城县',451321,233,20,1),(2169,'象州县',451322,233,20,1),(2170,'武宣县',451323,233,20,1),(2171,'金秀瑶族自治县',451324,233,20,1),(2172,'合山市',451381,233,20,1),(2173,'崇左市',451401,234,20,1),(2174,'江州区',451402,234,20,1),(2175,'扶绥县',451421,234,20,1),(2176,'宁明县',451422,234,20,1),(2177,'龙州县',451423,234,20,1),(2178,'大新县',451424,234,20,1),(2179,'天等县',451425,234,20,1),(2180,'凭祥市',451481,234,20,1),(2181,'海口市',460101,235,21,1),(2182,'秀英区',460105,235,21,1),(2183,'龙华区',460106,235,21,1),(2184,'琼山区',460107,235,21,1),(2185,'美兰区',460108,235,21,1),(2186,'三亚市',460201,236,21,1),(2187,'西沙群岛',460321,237,21,1),(2188,'南沙群岛',460322,237,21,1),(2189,'中沙群岛的岛礁及其海域',460323,237,21,1),(2190,'五指山市',469001,238,21,1),(2191,'琼海市',469002,238,21,1),(2192,'儋州市',469003,238,21,1),(2193,'文昌市',469005,238,21,1),(2194,'万宁市',469006,238,21,1),(2195,'东方市',469007,238,21,1),(2196,'定安县',469021,238,21,1),(2197,'屯昌县',469022,238,21,1),(2198,'澄迈县',469023,238,21,1),(2199,'临高县',469024,238,21,1),(2200,'白沙黎族自治县',469025,238,21,1),(2201,'昌江黎族自治县',469026,238,21,1),(2202,'乐东黎族自治县',469027,238,21,1),(2203,'陵水黎族自治县',469028,238,21,1),(2204,'保亭黎族苗族自治县',469029,238,21,1),(2205,'琼中黎族苗族自治县',469030,238,21,1),(2206,'万州区',500101,239,22,1),(2207,'涪陵区',500102,239,22,1),(2208,'渝中区',500103,239,22,1),(2209,'大渡口区',500104,239,22,1),(2210,'江北区',500105,239,22,1),(2211,'沙坪坝区',500106,239,22,1),(2212,'九龙坡区',500107,239,22,1),(2213,'南岸区',500108,239,22,1),(2214,'北碚区',500109,239,22,1),(2215,'綦江区',500110,239,22,1),(2216,'大足区',500111,239,22,1),(2217,'渝北区',500112,239,22,1),(2218,'巴南区',500113,239,22,1),(2219,'黔江区',500114,239,22,1),(2220,'长寿区',500115,239,22,1),(2221,'江津区',500116,239,22,1),(2222,'合川区',500117,239,22,1),(2223,'永川区',500118,239,22,1),(2224,'南川区',500119,239,22,1),(2225,'潼南县',500223,240,22,1),(2226,'铜梁县',500224,240,22,1),(2227,'荣昌县',500226,240,22,1),(2228,'璧山县',500227,240,22,1),(2229,'梁平县',500228,240,22,1),(2230,'城口县',500229,240,22,1),(2231,'丰都县',500230,240,22,1),(2232,'垫江县',500231,240,22,1),(2233,'武隆县',500232,240,22,1),(2234,'忠县',500233,240,22,1),(2235,'开县',500234,240,22,1),(2236,'云阳县',500235,240,22,1),(2237,'奉节县',500236,240,22,1),(2238,'巫山县',500237,240,22,1),(2239,'巫溪县',500238,240,22,1),(2240,'石柱土家族自治县',500240,240,22,1),(2241,'秀山土家族苗族自治县',500241,240,22,1),(2242,'酉阳土家族苗族自治县',500242,240,22,1),(2243,'彭水苗族土家族自治县',500243,240,22,1),(2244,'成都市',510101,241,23,1),(2245,'锦江区',510104,241,23,1),(2246,'青羊区',510105,241,23,1),(2247,'金牛区',510106,241,23,1),(2248,'武侯区',510107,241,23,1),(2249,'成华区',510108,241,23,1),(2250,'龙泉驿区',510112,241,23,1),(2251,'青白江区',510113,241,23,1),(2252,'新都区',510114,241,23,1),(2253,'温江区',510115,241,23,1),(2254,'金堂县',510121,241,23,1),(2255,'双流县',510122,241,23,1),(2256,'郫县',510124,241,23,1),(2257,'大邑县',510129,241,23,1),(2258,'蒲江县',510131,241,23,1),(2259,'新津县',510132,241,23,1),(2260,'都江堰市',510181,241,23,1),(2261,'彭州市',510182,241,23,1),(2262,'邛崃市',510183,241,23,1),(2263,'崇州市',510184,241,23,1),(2264,'自贡市',510301,242,23,1),(2265,'自流井区',510302,242,23,1),(2266,'贡井区',510303,242,23,1),(2267,'大安区',510304,242,23,1),(2268,'沿滩区',510311,242,23,1),(2269,'荣县',510321,242,23,1),(2270,'富顺县',510322,242,23,1),(2271,'攀枝花市',510401,243,23,1),(2272,'东区',510402,243,23,1),(2273,'西区',510403,243,23,1),(2274,'仁和区',510411,243,23,1),(2275,'米易县',510421,243,23,1),(2276,'盐边县',510422,243,23,1),(2277,'泸州市',510501,244,23,1),(2278,'江阳区',510502,244,23,1),(2279,'纳溪区',510503,244,23,1),(2280,'龙马潭区',510504,244,23,1),(2281,'泸县',510521,244,23,1),(2282,'合江县',510522,244,23,1),(2283,'叙永县',510524,244,23,1),(2284,'古蔺县',510525,244,23,1),(2285,'德阳市',510601,245,23,1),(2286,'旌阳区',510603,245,23,1),(2287,'中江县',510623,245,23,1),(2288,'罗江县',510626,245,23,1),(2289,'广汉市',510681,245,23,1),(2290,'什邡市',510682,245,23,1),(2291,'绵竹市',510683,245,23,1),(2292,'绵阳市',510701,246,23,1),(2293,'涪城区',510703,246,23,1),(2294,'游仙区',510704,246,23,1),(2295,'三台县',510722,246,23,1),(2296,'盐亭县',510723,246,23,1),(2297,'安县',510724,246,23,1),(2298,'梓潼县',510725,246,23,1),(2299,'北川羌族自治县',510726,246,23,1),(2300,'平武县',510727,246,23,1),(2301,'江油市',510781,246,23,1),(2302,'广元市',510801,247,23,1),(2303,'利州区',510802,247,23,1),(2304,'元坝区',510811,247,23,1),(2305,'朝天区',510812,247,23,1),(2306,'旺苍县',510821,247,23,1),(2307,'青川县',510822,247,23,1),(2308,'剑阁县',510823,247,23,1),(2309,'苍溪县',510824,247,23,1),(2310,'遂宁市',510901,248,23,1),(2311,'船山区',510903,248,23,1),(2312,'安居区',510904,248,23,1),(2313,'蓬溪县',510921,248,23,1),(2314,'射洪县',510922,248,23,1),(2315,'大英县',510923,248,23,1),(2316,'内江市',511001,249,23,1),(2317,'市中区',511002,249,23,1),(2318,'东兴区',511011,249,23,1),(2319,'威远县',511024,249,23,1),(2320,'资中县',511025,249,23,1),(2321,'隆昌县',511028,249,23,1),(2322,'乐山市',511101,250,23,1),(2323,'市中区',511102,250,23,1),(2324,'沙湾区',511111,250,23,1),(2325,'五通桥区',511112,250,23,1),(2326,'金口河区',511113,250,23,1),(2327,'犍为县',511123,250,23,1),(2328,'井研县',511124,250,23,1),(2329,'夹江县',511126,250,23,1),(2330,'沐川县',511129,250,23,1),(2331,'峨边彝族自治县',511132,250,23,1),(2332,'马边彝族自治县',511133,250,23,1),(2333,'峨眉山市',511181,250,23,1),(2334,'南充市',511301,251,23,1),(2335,'顺庆区',511302,251,23,1),(2336,'高坪区',511303,251,23,1),(2337,'嘉陵区',511304,251,23,1),(2338,'南部县',511321,251,23,1),(2339,'营山县',511322,251,23,1),(2340,'蓬安县',511323,251,23,1),(2341,'仪陇县',511324,251,23,1),(2342,'西充县',511325,251,23,1),(2343,'阆中市',511381,251,23,1),(2344,'眉山市',511401,252,23,1),(2345,'东坡区',511402,252,23,1),(2346,'仁寿县',511421,252,23,1),(2347,'彭山县',511422,252,23,1),(2348,'洪雅县',511423,252,23,1),(2349,'丹棱县',511424,252,23,1),(2350,'青神县',511425,252,23,1),(2351,'宜宾市',511501,253,23,1),(2352,'翠屏区',511502,253,23,1),(2353,'南溪区',511503,253,23,1),(2354,'宜宾县',511521,253,23,1),(2355,'江安县',511523,253,23,1),(2356,'长宁县',511524,253,23,1),(2357,'高县',511525,253,23,1),(2358,'珙县',511526,253,23,1),(2359,'筠连县',511527,253,23,1),(2360,'兴文县',511528,253,23,1),(2361,'屏山县',511529,253,23,1),(2362,'广安市',511601,254,23,1),(2363,'广安区',511602,254,23,1),(2364,'前锋区',511603,254,23,1),(2365,'岳池县',511621,254,23,1),(2366,'武胜县',511622,254,23,1),(2367,'邻水县',511623,254,23,1),(2368,'华蓥市',511681,254,23,1),(2369,'达州市',511701,255,23,1),(2370,'通川区',511702,255,23,1),(2371,'达川区',511703,255,23,1),(2372,'宣汉县',511722,255,23,1),(2373,'开江县',511723,255,23,1),(2374,'大竹县',511724,255,23,1),(2375,'渠县',511725,255,23,1),(2376,'万源市',511781,255,23,1),(2377,'雅安市',511801,256,23,1),(2378,'雨城区',511802,256,23,1),(2379,'名山区',511803,256,23,1),(2380,'荥经县',511822,256,23,1),(2381,'汉源县',511823,256,23,1),(2382,'石棉县',511824,256,23,1),(2383,'天全县',511825,256,23,1),(2384,'芦山县',511826,256,23,1),(2385,'宝兴县',511827,256,23,1),(2386,'巴中市',511901,257,23,1),(2387,'巴州区',511902,257,23,1),(2388,'恩阳区',511903,257,23,1),(2389,'通江县',511921,257,23,1),(2390,'南江县',511922,257,23,1),(2391,'平昌县',511923,257,23,1),(2392,'资阳市',512001,258,23,1),(2393,'雁江区',512002,258,23,1),(2394,'安岳县',512021,258,23,1),(2395,'乐至县',512022,258,23,1),(2396,'简阳市',512081,258,23,1),(2397,'汶川县',513221,259,23,1),(2398,'理县',513222,259,23,1),(2399,'茂县',513223,259,23,1),(2400,'松潘县',513224,259,23,1),(2401,'九寨沟县',513225,259,23,1),(2402,'金川县',513226,259,23,1),(2403,'小金县',513227,259,23,1),(2404,'黑水县',513228,259,23,1),(2405,'马尔康县',513229,259,23,1),(2406,'壤塘县',513230,259,23,1),(2407,'阿坝县',513231,259,23,1),(2408,'若尔盖县',513232,259,23,1),(2409,'红原县',513233,259,23,1),(2410,'康定县',513321,260,23,1),(2411,'泸定县',513322,260,23,1),(2412,'丹巴县',513323,260,23,1),(2413,'九龙县',513324,260,23,1),(2414,'雅江县',513325,260,23,1),(2415,'道孚县',513326,260,23,1),(2416,'炉霍县',513327,260,23,1),(2417,'甘孜县',513328,260,23,1),(2418,'新龙县',513329,260,23,1),(2419,'德格县',513330,260,23,1),(2420,'白玉县',513331,260,23,1),(2421,'石渠县',513332,260,23,1),(2422,'色达县',513333,260,23,1),(2423,'理塘县',513334,260,23,1),(2424,'巴塘县',513335,260,23,1),(2425,'乡城县',513336,260,23,1),(2426,'稻城县',513337,260,23,1),(2427,'得荣县',513338,260,23,1),(2428,'西昌市',513401,261,23,1),(2429,'木里藏族自治县',513422,261,23,1),(2430,'盐源县',513423,261,23,1),(2431,'德昌县',513424,261,23,1),(2432,'会理县',513425,261,23,1),(2433,'会东县',513426,261,23,1),(2434,'宁南县',513427,261,23,1),(2435,'普格县',513428,261,23,1),(2436,'布拖县',513429,261,23,1),(2437,'金阳县',513430,261,23,1),(2438,'昭觉县',513431,261,23,1),(2439,'喜德县',513432,261,23,1),(2440,'冕宁县',513433,261,23,1),(2441,'越西县',513434,261,23,1),(2442,'甘洛县',513435,261,23,1),(2443,'美姑县',513436,261,23,1),(2444,'雷波县',513437,261,23,1),(2445,'贵阳市',520101,262,24,1),(2446,'南明区',520102,262,24,1),(2447,'云岩区',520103,262,24,1),(2448,'花溪区',520111,262,24,1),(2449,'乌当区',520112,262,24,1),(2450,'白云区',520113,262,24,1),(2451,'观山湖区',520115,262,24,1),(2452,'开阳县',520121,262,24,1),(2453,'息烽县',520122,262,24,1),(2454,'修文县',520123,262,24,1),(2455,'清镇市',520181,262,24,1),(2456,'钟山区',520201,263,24,1),(2457,'六枝特区',520203,263,24,1),(2458,'水城县',520221,263,24,1),(2459,'盘县',520222,263,24,1),(2460,'遵义市',520301,264,24,1),(2461,'红花岗区',520302,264,24,1),(2462,'汇川区',520303,264,24,1),(2463,'遵义县',520321,264,24,1),(2464,'桐梓县',520322,264,24,1),(2465,'绥阳县',520323,264,24,1),(2466,'正安县',520324,264,24,1),(2467,'道真仡佬族苗族自治县',520325,264,24,1),(2468,'务川仡佬族苗族自治县',520326,264,24,1),(2469,'凤冈县',520327,264,24,1),(2470,'湄潭县',520328,264,24,1),(2471,'余庆县',520329,264,24,1),(2472,'习水县',520330,264,24,1),(2473,'赤水市',520381,264,24,1),(2474,'仁怀市',520382,264,24,1),(2475,'安顺市',520401,265,24,1),(2476,'西秀区',520402,265,24,1),(2477,'平坝县',520421,265,24,1),(2478,'普定县',520422,265,24,1),(2479,'镇宁布依族苗族自治县',520423,265,24,1),(2480,'关岭布依族苗族自治县',520424,265,24,1),(2481,'紫云苗族布依族自治县',520425,265,24,1),(2482,'毕节市',520501,266,24,1),(2483,'七星关区',520502,266,24,1),(2484,'大方县',520521,266,24,1),(2485,'黔西县',520522,266,24,1),(2486,'金沙县',520523,266,24,1),(2487,'织金县',520524,266,24,1),(2488,'纳雍县',520525,266,24,1),(2489,'威宁彝族回族苗族自治县',520526,266,24,1),(2490,'赫章县',520527,266,24,1),(2491,'铜仁市',520601,267,24,1),(2492,'碧江区',520602,267,24,1),(2493,'万山区',520603,267,24,1),(2494,'江口县',520621,267,24,1),(2495,'玉屏侗族自治县',520622,267,24,1),(2496,'石阡县',520623,267,24,1),(2497,'思南县',520624,267,24,1),(2498,'印江土家族苗族自治县',520625,267,24,1),(2499,'德江县',520626,267,24,1),(2500,'沿河土家族自治县',520627,267,24,1),(2501,'松桃苗族自治县',520628,267,24,1),(2502,'兴义市',522301,268,24,1),(2503,'兴仁县',522322,268,24,1),(2504,'普安县',522323,268,24,1),(2505,'晴隆县',522324,268,24,1),(2506,'贞丰县',522325,268,24,1),(2507,'望谟县',522326,268,24,1),(2508,'册亨县',522327,268,24,1),(2509,'安龙县',522328,268,24,1),(2510,'凯里市',522601,269,24,1),(2511,'黄平县',522622,269,24,1),(2512,'施秉县',522623,269,24,1),(2513,'三穗县',522624,269,24,1),(2514,'镇远县',522625,269,24,1),(2515,'岑巩县',522626,269,24,1),(2516,'天柱县',522627,269,24,1),(2517,'锦屏县',522628,269,24,1),(2518,'剑河县',522629,269,24,1),(2519,'台江县',522630,269,24,1),(2520,'黎平县',522631,269,24,1),(2521,'榕江县',522632,269,24,1),(2522,'从江县',522633,269,24,1),(2523,'雷山县',522634,269,24,1),(2524,'麻江县',522635,269,24,1),(2525,'丹寨县',522636,269,24,1),(2526,'都匀市',522701,270,24,1),(2527,'福泉市',522702,270,24,1),(2528,'荔波县',522722,270,24,1),(2529,'贵定县',522723,270,24,1),(2530,'瓮安县',522725,270,24,1),(2531,'独山县',522726,270,24,1),(2532,'平塘县',522727,270,24,1),(2533,'罗甸县',522728,270,24,1),(2534,'长顺县',522729,270,24,1),(2535,'龙里县',522730,270,24,1),(2536,'惠水县',522731,270,24,1),(2537,'三都水族自治县',522732,270,24,1),(2538,'昆明市',530101,271,25,1),(2539,'五华区',530102,271,25,1),(2540,'盘龙区',530103,271,25,1),(2541,'官渡区',530111,271,25,1),(2542,'西山区',530112,271,25,1),(2543,'东川区',530113,271,25,1),(2544,'呈贡区',530114,271,25,1),(2545,'晋宁县',530122,271,25,1),(2546,'富民县',530124,271,25,1),(2547,'宜良县',530125,271,25,1),(2548,'石林彝族自治县',530126,271,25,1),(2549,'嵩明县',530127,271,25,1),(2550,'禄劝彝族苗族自治县',530128,271,25,1),(2551,'寻甸回族彝族自治县',530129,271,25,1),(2552,'安宁市',530181,271,25,1),(2553,'曲靖市',530301,272,25,1),(2554,'麒麟区',530302,272,25,1),(2555,'马龙县',530321,272,25,1),(2556,'陆良县',530322,272,25,1),(2557,'师宗县',530323,272,25,1),(2558,'罗平县',530324,272,25,1),(2559,'富源县',530325,272,25,1),(2560,'会泽县',530326,272,25,1),(2561,'沾益县',530328,272,25,1),(2562,'宣威市',530381,272,25,1),(2563,'玉溪市',530401,273,25,1),(2564,'红塔区',530402,273,25,1),(2565,'江川县',530421,273,25,1),(2566,'澄江县',530422,273,25,1),(2567,'通海县',530423,273,25,1),(2568,'华宁县',530424,273,25,1),(2569,'易门县',530425,273,25,1),(2570,'峨山彝族自治县',530426,273,25,1),(2571,'新平彝族傣族自治县',530427,273,25,1),(2572,'元江哈尼族彝族傣族自治县',530428,273,25,1),(2573,'保山市',530501,274,25,1),(2574,'隆阳区',530502,274,25,1),(2575,'施甸县',530521,274,25,1),(2576,'腾冲县',530522,274,25,1),(2577,'龙陵县',530523,274,25,1),(2578,'昌宁县',530524,274,25,1),(2579,'昭通市',530601,275,25,1),(2580,'昭阳区',530602,275,25,1),(2581,'鲁甸县',530621,275,25,1),(2582,'巧家县',530622,275,25,1),(2583,'盐津县',530623,275,25,1),(2584,'大关县',530624,275,25,1),(2585,'永善县',530625,275,25,1),(2586,'绥江县',530626,275,25,1),(2587,'镇雄县',530627,275,25,1),(2588,'彝良县',530628,275,25,1),(2589,'威信县',530629,275,25,1),(2590,'水富县',530630,275,25,1),(2591,'丽江市',530701,276,25,1),(2592,'古城区',530702,276,25,1),(2593,'玉龙纳西族自治县',530721,276,25,1),(2594,'永胜县',530722,276,25,1),(2595,'华坪县',530723,276,25,1),(2596,'宁蒗彝族自治县',530724,276,25,1),(2597,'普洱市',530801,277,25,1),(2598,'思茅区',530802,277,25,1),(2599,'宁洱哈尼族彝族自治县',530821,277,25,1),(2600,'墨江哈尼族自治县',530822,277,25,1),(2601,'景东彝族自治县',530823,277,25,1),(2602,'景谷傣族彝族自治县',530824,277,25,1),(2603,'镇沅彝族哈尼族拉祜族自治县',530825,277,25,1),(2604,'江城哈尼族彝族自治县',530826,277,25,1),(2605,'孟连傣族拉祜族佤族自治县',530827,277,25,1),(2606,'澜沧拉祜族自治县',530828,277,25,1),(2607,'西盟佤族自治县',530829,277,25,1),(2608,'临沧市',530901,278,25,1),(2609,'临翔区',530902,278,25,1),(2610,'凤庆县',530921,278,25,1),(2611,'云县',530922,278,25,1),(2612,'永德县',530923,278,25,1),(2613,'镇康县',530924,278,25,1),(2614,'双江拉祜族佤族布朗族傣族自治县',530925,278,25,1),(2615,'耿马傣族佤族自治县',530926,278,25,1),(2616,'沧源佤族自治县',530927,278,25,1),(2617,'楚雄市',532301,279,25,1),(2618,'双柏县',532322,279,25,1),(2619,'牟定县',532323,279,25,1),(2620,'南华县',532324,279,25,1),(2621,'姚安县',532325,279,25,1),(2622,'大姚县',532326,279,25,1),(2623,'永仁县',532327,279,25,1),(2624,'元谋县',532328,279,25,1),(2625,'武定县',532329,279,25,1),(2626,'禄丰县',532331,279,25,1),(2627,'个旧市',532501,280,25,1),(2628,'开远市',532502,280,25,1),(2629,'蒙自市',532503,280,25,1),(2630,'弥勒市',532504,280,25,1),(2631,'屏边苗族自治县',532523,280,25,1),(2632,'建水县',532524,280,25,1),(2633,'石屏县',532525,280,25,1),(2634,'泸西县',532527,280,25,1),(2635,'元阳县',532528,280,25,1),(2636,'红河县',532529,280,25,1),(2637,'金平苗族瑶族傣族自治县',532530,280,25,1),(2638,'绿春县',532531,280,25,1),(2639,'河口瑶族自治县',532532,280,25,1),(2640,'文山市',532601,281,25,1),(2641,'砚山县',532622,281,25,1),(2642,'西畴县',532623,281,25,1),(2643,'麻栗坡县',532624,281,25,1),(2644,'马关县',532625,281,25,1),(2645,'丘北县',532626,281,25,1),(2646,'广南县',532627,281,25,1),(2647,'富宁县',532628,281,25,1),(2648,'景洪市',532801,282,25,1),(2649,'勐海县',532822,282,25,1),(2650,'勐腊县',532823,282,25,1),(2651,'大理市',532901,283,25,1),(2652,'漾濞彝族自治县',532922,283,25,1),(2653,'祥云县',532923,283,25,1),(2654,'宾川县',532924,283,25,1),(2655,'弥渡县',532925,283,25,1),(2656,'南涧彝族自治县',532926,283,25,1),(2657,'巍山彝族回族自治县',532927,283,25,1),(2658,'永平县',532928,283,25,1),(2659,'云龙县',532929,283,25,1),(2660,'洱源县',532930,283,25,1),(2661,'剑川县',532931,283,25,1),(2662,'鹤庆县',532932,283,25,1),(2663,'瑞丽市',533102,284,25,1),(2664,'芒市',533103,284,25,1),(2665,'梁河县',533122,284,25,1),(2666,'盈江县',533123,284,25,1),(2667,'陇川县',533124,284,25,1),(2668,'泸水县',533321,285,25,1),(2669,'福贡县',533323,285,25,1),(2670,'贡山独龙族怒族自治县',533324,285,25,1),(2671,'兰坪白族普米族自治县',533325,285,25,1),(2672,'香格里拉县',533421,286,25,1),(2673,'德钦县',533422,286,25,1),(2674,'维西傈僳族自治县',533423,286,25,1),(2675,'拉萨市',540101,287,26,1),(2676,'城关区',540102,287,26,1),(2677,'林周县',540121,287,26,1),(2678,'当雄县',540122,287,26,1),(2679,'尼木县',540123,287,26,1),(2680,'曲水县',540124,287,26,1),(2681,'堆龙德庆县',540125,287,26,1),(2682,'达孜县',540126,287,26,1),(2683,'墨竹工卡县',540127,287,26,1),(2684,'昌都县',542121,288,26,1),(2685,'江达县',542122,288,26,1),(2686,'贡觉县',542123,288,26,1),(2687,'类乌齐县',542124,288,26,1),(2688,'丁青县',542125,288,26,1),(2689,'察雅县',542126,288,26,1),(2690,'八宿县',542127,288,26,1),(2691,'左贡县',542128,288,26,1),(2692,'芒康县',542129,288,26,1),(2693,'洛隆县',542132,288,26,1),(2694,'边坝县',542133,288,26,1),(2695,'乃东县',542221,289,26,1),(2696,'扎囊县',542222,289,26,1),(2697,'贡嘎县',542223,289,26,1),(2698,'桑日县',542224,289,26,1),(2699,'琼结县',542225,289,26,1),(2700,'曲松县',542226,289,26,1),(2701,'措美县',542227,289,26,1),(2702,'洛扎县',542228,289,26,1),(2703,'加查县',542229,289,26,1),(2704,'隆子县',542231,289,26,1),(2705,'错那县',542232,289,26,1),(2706,'浪卡子县',542233,289,26,1),(2707,'日喀则市',542301,290,26,1),(2708,'南木林县',542322,290,26,1),(2709,'江孜县',542323,290,26,1),(2710,'定日县',542324,290,26,1),(2711,'萨迦县',542325,290,26,1),(2712,'拉孜县',542326,290,26,1),(2713,'昂仁县',542327,290,26,1),(2714,'谢通门县',542328,290,26,1),(2715,'白朗县',542329,290,26,1),(2716,'仁布县',542330,290,26,1),(2717,'康马县',542331,290,26,1),(2718,'定结县',542332,290,26,1),(2719,'仲巴县',542333,290,26,1),(2720,'亚东县',542334,290,26,1),(2721,'吉隆县',542335,290,26,1),(2722,'聂拉木县',542336,290,26,1),(2723,'萨嘎县',542337,290,26,1),(2724,'岗巴县',542338,290,26,1),(2725,'那曲县',542421,291,26,1),(2726,'嘉黎县',542422,291,26,1),(2727,'比如县',542423,291,26,1),(2728,'聂荣县',542424,291,26,1),(2729,'安多县',542425,291,26,1),(2730,'申扎县',542426,291,26,1),(2731,'索县',542427,291,26,1),(2732,'班戈县',542428,291,26,1),(2733,'巴青县',542429,291,26,1),(2734,'尼玛县',542430,291,26,1),(2735,'双湖县',542431,291,26,1),(2736,'普兰县',542521,292,26,1),(2737,'札达县',542522,292,26,1),(2738,'噶尔县',542523,292,26,1),(2739,'日土县',542524,292,26,1),(2740,'革吉县',542525,292,26,1),(2741,'改则县',542526,292,26,1),(2742,'措勤县',542527,292,26,1),(2743,'林芝县',542621,293,26,1),(2744,'工布江达县',542622,293,26,1),(2745,'米林县',542623,293,26,1),(2746,'墨脱县',542624,293,26,1),(2747,'波密县',542625,293,26,1),(2748,'察隅县',542626,293,26,1),(2749,'朗县',542627,293,26,1),(2750,'西安市',610101,294,27,1),(2751,'新城区',610102,294,27,1),(2752,'碑林区',610103,294,27,1),(2753,'莲湖区',610104,294,27,1),(2754,'灞桥区',610111,294,27,1),(2755,'未央区',610112,294,27,1),(2756,'雁塔区',610113,294,27,1),(2757,'阎良区',610114,294,27,1),(2758,'临潼区',610115,294,27,1),(2759,'长安区',610116,294,27,1),(2760,'蓝田县',610122,294,27,1),(2761,'周至县',610124,294,27,1),(2762,'户县',610125,294,27,1),(2763,'高陵县',610126,294,27,1),(2764,'铜川市',610201,295,27,1),(2765,'王益区',610202,295,27,1),(2766,'印台区',610203,295,27,1),(2767,'耀州区',610204,295,27,1),(2768,'宜君县',610222,295,27,1),(2769,'宝鸡市',610301,296,27,1),(2770,'渭滨区',610302,296,27,1),(2771,'金台区',610303,296,27,1),(2772,'陈仓区',610304,296,27,1),(2773,'凤翔县',610322,296,27,1),(2774,'岐山县',610323,296,27,1),(2775,'扶风县',610324,296,27,1),(2776,'眉县',610326,296,27,1),(2777,'陇县',610327,296,27,1),(2778,'千阳县',610328,296,27,1),(2779,'麟游县',610329,296,27,1),(2780,'凤县',610330,296,27,1),(2781,'太白县',610331,296,27,1),(2782,'咸阳市',610401,297,27,1),(2783,'秦都区',610402,297,27,1),(2784,'杨陵区',610403,297,27,1),(2785,'渭城区',610404,297,27,1),(2786,'三原县',610422,297,27,1),(2787,'泾阳县',610423,297,27,1),(2788,'乾县',610424,297,27,1),(2789,'礼泉县',610425,297,27,1),(2790,'永寿县',610426,297,27,1),(2791,'彬县',610427,297,27,1),(2792,'长武县',610428,297,27,1),(2793,'旬邑县',610429,297,27,1),(2794,'淳化县',610430,297,27,1),(2795,'武功县',610431,297,27,1),(2796,'兴平市',610481,297,27,1),(2797,'渭南市',610501,298,27,1),(2798,'临渭区',610502,298,27,1),(2799,'华县',610521,298,27,1),(2800,'潼关县',610522,298,27,1),(2801,'大荔县',610523,298,27,1),(2802,'合阳县',610524,298,27,1),(2803,'澄城县',610525,298,27,1),(2804,'蒲城县',610526,298,27,1),(2805,'白水县',610527,298,27,1),(2806,'富平县',610528,298,27,1),(2807,'韩城市',610581,298,27,1),(2808,'华阴市',610582,298,27,1),(2809,'延安市',610601,299,27,1),(2810,'宝塔区',610602,299,27,1),(2811,'延长县',610621,299,27,1),(2812,'延川县',610622,299,27,1),(2813,'子长县',610623,299,27,1),(2814,'安塞县',610624,299,27,1),(2815,'志丹县',610625,299,27,1),(2816,'吴起县',610626,299,27,1),(2817,'甘泉县',610627,299,27,1),(2818,'富县',610628,299,27,1),(2819,'洛川县',610629,299,27,1),(2820,'宜川县',610630,299,27,1),(2821,'黄龙县',610631,299,27,1),(2822,'黄陵县',610632,299,27,1),(2823,'汉中市',610701,300,27,1),(2824,'汉台区',610702,300,27,1),(2825,'南郑县',610721,300,27,1),(2826,'城固县',610722,300,27,1),(2827,'洋县',610723,300,27,1),(2828,'西乡县',610724,300,27,1),(2829,'勉县',610725,300,27,1),(2830,'宁强县',610726,300,27,1),(2831,'略阳县',610727,300,27,1),(2832,'镇巴县',610728,300,27,1),(2833,'留坝县',610729,300,27,1),(2834,'佛坪县',610730,300,27,1),(2835,'榆林市',610801,301,27,1),(2836,'榆阳区',610802,301,27,1),(2837,'神木县',610821,301,27,1),(2838,'府谷县',610822,301,27,1),(2839,'横山县',610823,301,27,1),(2840,'靖边县',610824,301,27,1),(2841,'定边县',610825,301,27,1),(2842,'绥德县',610826,301,27,1),(2843,'米脂县',610827,301,27,1),(2844,'佳县',610828,301,27,1),(2845,'吴堡县',610829,301,27,1),(2846,'清涧县',610830,301,27,1),(2847,'子洲县',610831,301,27,1),(2848,'安康市',610901,302,27,1),(2849,'汉滨区',610902,302,27,1),(2850,'汉阴县',610921,302,27,1),(2851,'石泉县',610922,302,27,1),(2852,'宁陕县',610923,302,27,1),(2853,'紫阳县',610924,302,27,1),(2854,'岚皋县',610925,302,27,1),(2855,'平利县',610926,302,27,1),(2856,'镇坪县',610927,302,27,1),(2857,'旬阳县',610928,302,27,1),(2858,'白河县',610929,302,27,1),(2859,'商洛市',611001,303,27,1),(2860,'商州区',611002,303,27,1),(2861,'洛南县',611021,303,27,1),(2862,'丹凤县',611022,303,27,1),(2863,'商南县',611023,303,27,1),(2864,'山阳县',611024,303,27,1),(2865,'镇安县',611025,303,27,1),(2866,'柞水县',611026,303,27,1),(2867,'兰州市',620101,304,28,1),(2868,'城关区',620102,304,28,1),(2869,'七里河区',620103,304,28,1),(2870,'西固区',620104,304,28,1),(2871,'安宁区',620105,304,28,1),(2872,'红古区',620111,304,28,1),(2873,'永登县',620121,304,28,1),(2874,'皋兰县',620122,304,28,1),(2875,'榆中县',620123,304,28,1),(2876,'嘉峪关市',620201,305,28,1),(2877,'金昌市',620301,306,28,1),(2878,'金川区',620302,306,28,1),(2879,'永昌县',620321,306,28,1),(2880,'白银市',620401,307,28,1),(2881,'白银区',620402,307,28,1),(2882,'平川区',620403,307,28,1),(2883,'靖远县',620421,307,28,1),(2884,'会宁县',620422,307,28,1),(2885,'景泰县',620423,307,28,1),(2886,'天水市',620501,308,28,1),(2887,'秦州区',620502,308,28,1),(2888,'麦积区',620503,308,28,1),(2889,'清水县',620521,308,28,1),(2890,'秦安县',620522,308,28,1),(2891,'甘谷县',620523,308,28,1),(2892,'武山县',620524,308,28,1),(2893,'张家川回族自治县',620525,308,28,1),(2894,'武威市',620601,309,28,1),(2895,'凉州区',620602,309,28,1),(2896,'民勤县',620621,309,28,1),(2897,'古浪县',620622,309,28,1),(2898,'天祝藏族自治县',620623,309,28,1),(2899,'张掖市',620701,310,28,1),(2900,'甘州区',620702,310,28,1),(2901,'肃南裕固族自治县',620721,310,28,1),(2902,'民乐县',620722,310,28,1),(2903,'临泽县',620723,310,28,1),(2904,'高台县',620724,310,28,1),(2905,'山丹县',620725,310,28,1),(2906,'平凉市',620801,311,28,1),(2907,'崆峒区',620802,311,28,1),(2908,'泾川县',620821,311,28,1),(2909,'灵台县',620822,311,28,1),(2910,'崇信县',620823,311,28,1),(2911,'华亭县',620824,311,28,1),(2912,'庄浪县',620825,311,28,1),(2913,'静宁县',620826,311,28,1),(2914,'酒泉市',620901,312,28,1),(2915,'肃州区',620902,312,28,1),(2916,'金塔县',620921,312,28,1),(2917,'瓜州县',620922,312,28,1),(2918,'肃北蒙古族自治县',620923,312,28,1),(2919,'阿克塞哈萨克族自治县',620924,312,28,1),(2920,'玉门市',620981,312,28,1),(2921,'敦煌市',620982,312,28,1),(2922,'庆阳市',621001,313,28,1),(2923,'西峰区',621002,313,28,1),(2924,'庆城县',621021,313,28,1),(2925,'环县',621022,313,28,1),(2926,'华池县',621023,313,28,1),(2927,'合水县',621024,313,28,1),(2928,'正宁县',621025,313,28,1),(2929,'宁县',621026,313,28,1),(2930,'镇原县',621027,313,28,1),(2931,'定西市',621101,314,28,1),(2932,'安定区',621102,314,28,1),(2933,'通渭县',621121,314,28,1),(2934,'陇西县',621122,314,28,1),(2935,'渭源县',621123,314,28,1),(2936,'临洮县',621124,314,28,1),(2937,'漳县',621125,314,28,1),(2938,'岷县',621126,314,28,1),(2939,'陇南市',621201,315,28,1),(2940,'武都区',621202,315,28,1),(2941,'成县',621221,315,28,1),(2942,'文县',621222,315,28,1),(2943,'宕昌县',621223,315,28,1),(2944,'康县',621224,315,28,1),(2945,'西和县',621225,315,28,1),(2946,'礼县',621226,315,28,1),(2947,'徽县',621227,315,28,1),(2948,'两当县',621228,315,28,1),(2949,'临夏市',622901,316,28,1),(2950,'临夏县',622921,316,28,1),(2951,'康乐县',622922,316,28,1),(2952,'永靖县',622923,316,28,1),(2953,'广河县',622924,316,28,1),(2954,'和政县',622925,316,28,1),(2955,'东乡族自治县',622926,316,28,1),(2956,'积石山保安族东乡族撒拉族自治县',622927,316,28,1),(2957,'合作市',623001,317,28,1),(2958,'临潭县',623021,317,28,1),(2959,'卓尼县',623022,317,28,1),(2960,'舟曲县',623023,317,28,1),(2961,'迭部县',623024,317,28,1),(2962,'玛曲县',623025,317,28,1),(2963,'碌曲县',623026,317,28,1),(2964,'夏河县',623027,317,28,1),(2965,'西宁市',630101,318,29,1),(2966,'城东区',630102,318,29,1),(2967,'城中区',630103,318,29,1),(2968,'城西区',630104,318,29,1),(2969,'城北区',630105,318,29,1),(2970,'大通回族土族自治县',630121,318,29,1),(2971,'湟中县',630122,318,29,1),(2972,'湟源县',630123,318,29,1),(2973,'乐都区',630202,319,29,1),(2974,'平安县',630221,319,29,1),(2975,'民和回族土族自治县',630222,319,29,1),(2976,'互助土族自治县',630223,319,29,1),(2977,'化隆回族自治县',630224,319,29,1),(2978,'循化撒拉族自治县',630225,319,29,1),(2979,'门源回族自治县',632221,320,29,1),(2980,'祁连县',632222,320,29,1),(2981,'海晏县',632223,320,29,1),(2982,'刚察县',632224,320,29,1),(2983,'同仁县',632321,321,29,1),(2984,'尖扎县',632322,321,29,1),(2985,'泽库县',632323,321,29,1),(2986,'河南蒙古族自治县',632324,321,29,1),(2987,'共和县',632521,322,29,1),(2988,'同德县',632522,322,29,1),(2989,'贵德县',632523,322,29,1),(2990,'兴海县',632524,322,29,1),(2991,'贵南县',632525,322,29,1),(2992,'玛沁县',632621,323,29,1),(2993,'班玛县',632622,323,29,1),(2994,'甘德县',632623,323,29,1),(2995,'达日县',632624,323,29,1),(2996,'久治县',632625,323,29,1),(2997,'玛多县',632626,323,29,1),(2998,'玉树市',632701,324,29,1),(2999,'杂多县',632722,324,29,1),(3000,'称多县',632723,324,29,1),(3001,'治多县',632724,324,29,1),(3002,'囊谦县',632725,324,29,1),(3003,'曲麻莱县',632726,324,29,1),(3004,'格尔木市',632801,325,29,1),(3005,'德令哈市',632802,325,29,1),(3006,'乌兰县',632821,325,29,1),(3007,'都兰县',632822,325,29,1),(3008,'天峻县',632823,325,29,1),(3009,'银川市',640101,326,30,1),(3010,'兴庆区',640104,326,30,1),(3011,'西夏区',640105,326,30,1),(3012,'金凤区',640106,326,30,1),(3013,'永宁县',640121,326,30,1),(3014,'贺兰县',640122,326,30,1),(3015,'灵武市',640181,326,30,1),(3016,'石嘴山市',640201,327,30,1),(3017,'大武口区',640202,327,30,1),(3018,'惠农区',640205,327,30,1),(3019,'平罗县',640221,327,30,1),(3020,'吴忠市',640301,328,30,1),(3021,'利通区',640302,328,30,1),(3022,'红寺堡区',640303,328,30,1),(3023,'盐池县',640323,328,30,1),(3024,'同心县',640324,328,30,1),(3025,'青铜峡市',640381,328,30,1),(3026,'固原市',640401,329,30,1),(3027,'原州区',640402,329,30,1),(3028,'西吉县',640422,329,30,1),(3029,'隆德县',640423,329,30,1),(3030,'泾源县',640424,329,30,1),(3031,'彭阳县',640425,329,30,1),(3032,'中卫市',640501,330,30,1),(3033,'沙坡头区',640502,330,30,1),(3034,'中宁县',640521,330,30,1),(3035,'海原县',640522,330,30,1),(3036,'乌鲁木齐市',650101,331,31,1),(3037,'天山区',650102,331,31,1),(3038,'沙依巴克区',650103,331,31,1),(3039,'新市区',650104,331,31,1),(3040,'水磨沟区',650105,331,31,1),(3041,'头屯河区',650106,331,31,1),(3042,'达坂城区',650107,331,31,1),(3043,'米东区',650109,331,31,1),(3044,'乌鲁木齐县',650121,331,31,1),(3045,'克拉玛依市',650201,332,31,1),(3046,'独山子区',650202,332,31,1),(3047,'克拉玛依区',650203,332,31,1),(3048,'白碱滩区',650204,332,31,1),(3049,'乌尔禾区',650205,332,31,1),(3050,'吐鲁番市',652101,333,31,1),(3051,'鄯善县',652122,333,31,1),(3052,'托克逊县',652123,333,31,1),(3053,'哈密市',652201,334,31,1),(3054,'巴里坤哈萨克自治县',652222,334,31,1),(3055,'伊吾县',652223,334,31,1),(3056,'昌吉市',652301,335,31,1),(3057,'阜康市',652302,335,31,1),(3058,'呼图壁县',652323,335,31,1),(3059,'玛纳斯县',652324,335,31,1),(3060,'奇台县',652325,335,31,1),(3061,'吉木萨尔县',652327,335,31,1),(3062,'木垒哈萨克自治县',652328,335,31,1),(3063,'博乐市',652701,336,31,1),(3064,'阿拉山口市',652702,336,31,1),(3065,'精河县',652722,336,31,1),(3066,'温泉县',652723,336,31,1),(3067,'库尔勒市',652801,337,31,1),(3068,'轮台县',652822,337,31,1),(3069,'尉犁县',652823,337,31,1),(3070,'若羌县',652824,337,31,1),(3071,'且末县',652825,337,31,1),(3072,'焉耆回族自治县',652826,337,31,1),(3073,'和静县',652827,337,31,1),(3074,'和硕县',652828,337,31,1),(3075,'博湖县',652829,337,31,1),(3076,'阿克苏市',652901,338,31,1),(3077,'温宿县',652922,338,31,1),(3078,'库车县',652923,338,31,1),(3079,'沙雅县',652924,338,31,1),(3080,'新和县',652925,338,31,1),(3081,'拜城县',652926,338,31,1),(3082,'乌什县',652927,338,31,1),(3083,'阿瓦提县',652928,338,31,1),(3084,'柯坪县',652929,338,31,1),(3085,'阿图什市',653001,339,31,1),(3086,'阿克陶县',653022,339,31,1),(3087,'阿合奇县',653023,339,31,1),(3088,'乌恰县',653024,339,31,1),(3089,'喀什市',653101,340,31,1),(3090,'疏附县',653121,340,31,1),(3091,'疏勒县',653122,340,31,1),(3092,'英吉沙县',653123,340,31,1),(3093,'泽普县',653124,340,31,1),(3094,'莎车县',653125,340,31,1),(3095,'叶城县',653126,340,31,1),(3096,'麦盖提县',653127,340,31,1),(3097,'岳普湖县',653128,340,31,1),(3098,'伽师县',653129,340,31,1),(3099,'巴楚县',653130,340,31,1),(3100,'塔什库尔干塔吉克自治县',653131,340,31,1),(3101,'和田市',653201,341,31,1),(3102,'和田县',653221,341,31,1),(3103,'墨玉县',653222,341,31,1),(3104,'皮山县',653223,341,31,1),(3105,'洛浦县',653224,341,31,1),(3106,'策勒县',653225,341,31,1),(3107,'于田县',653226,341,31,1),(3108,'民丰县',653227,341,31,1),(3109,'伊宁市',654002,342,31,1),(3110,'奎屯市',654003,342,31,1),(3111,'伊宁县',654021,342,31,1),(3112,'察布查尔锡伯自治县',654022,342,31,1),(3113,'霍城县',654023,342,31,1),(3114,'巩留县',654024,342,31,1),(3115,'新源县',654025,342,31,1),(3116,'昭苏县',654026,342,31,1),(3117,'特克斯县',654027,342,31,1),(3118,'尼勒克县',654028,342,31,1),(3119,'塔城市',654201,343,31,1),(3120,'乌苏市',654202,343,31,1),(3121,'额敏县',654221,343,31,1),(3122,'沙湾县',654223,343,31,1),(3123,'托里县',654224,343,31,1),(3124,'裕民县',654225,343,31,1),(3125,'和布克赛尔蒙古自治县',654226,343,31,1),(3126,'阿勒泰市',654301,344,31,1),(3127,'布尔津县',654321,344,31,1),(3128,'富蕴县',654322,344,31,1),(3129,'福海县',654323,344,31,1),(3130,'哈巴河县',654324,344,31,1),(3131,'青河县',654325,344,31,1),(3132,'吉木乃县',654326,344,31,1),(3133,'石河子市',659001,345,31,1),(3134,'阿拉尔市',659002,345,31,1),(3135,'图木舒克市',659003,345,31,1),(3136,'五家渠市',659004,345,31,1),(3137,'花地玛堂区',820101,346,34,1),(3138,'圣安多尼堂区',820102,346,34,1),(3139,'大堂区',820103,346,34,1),(3140,'望德堂区',820104,346,34,1),(3141,'风顺堂区',820105,346,34,1),(3142,'嘉模堂区',820201,347,34,1),(3143,'圣方济各堂区',820202,347,34,1),(3144,'路氹城',820301,348,34,1),(3145,'中西区',810101,370,33,1),(3146,'湾仔区',810102,370,33,1),(3147,'东区',810103,370,33,1),(3148,'南区',810104,370,33,1),(3149,'油尖旺区',810201,371,33,1),(3150,'深水埗区',810202,371,33,1),(3151,'九龙城区',810203,371,33,1),(3152,'黄大仙区',810204,371,33,1),(3153,'观塘区',810205,371,33,1),(3154,'北区',810301,372,33,1),(3155,'大埔区',810302,372,33,1),(3156,'沙田区',810303,372,33,1),(3157,'西贡区',810304,372,33,1),(3158,'荃湾区',810305,372,33,1),(3159,'屯门区',810306,372,33,1),(3160,'元朗区',810307,372,33,1),(3161,'葵青区',810308,372,33,1),(3162,'离岛区',810309,372,33,1);
/*!40000 ALTER TABLE `bc_dict_district` ENABLE KEYS */;
UNLOCK TABLES;

--
-- Table structure for table `bc_dict_province`
--

DROP TABLE IF EXISTS `bc_dict_province`;
/*!40101 SET @saved_cs_client     = @@character_set_client */;
/*!40101 SET character_set_client = utf8 */;
CREATE TABLE `bc_dict_province` (
  `id` int(10) unsigned NOT NULL AUTO_INCREMENT,
  `province_name` varchar(50) DEFAULT NULL COMMENT '省份名称',
  `region_code` int(6) DEFAULT NULL,
  `status` tinyint(1) DEFAULT '1',
  `shorthand` varchar(45) DEFAULT NULL COMMENT '简写',
  PRIMARY KEY (`id`)
) ENGINE=InnoDB AUTO_INCREMENT=35 DEFAULT CHARSET=utf8 COMMENT='省份表';
/*!40101 SET character_set_client = @saved_cs_client */;

--
-- Dumping data for table `bc_dict_province`
--

LOCK TABLES `bc_dict_province` WRITE;
/*!40000 ALTER TABLE `bc_dict_province` DISABLE KEYS */;
INSERT INTO `bc_dict_province` VALUES (1,'北京市',110000,1,'BJ'),(2,'天津市',120000,1,'TJ'),(3,'河北省',130000,1,'HB'),(4,'山西省',140000,1,'SX'),(5,'内蒙古自治区',150000,1,'NMG'),(6,'辽宁省',210000,1,'LN'),(7,'吉林省',220000,1,'JL'),(8,'黑龙江省',230000,1,'HLJ'),(9,'上海市',310000,1,'SH'),(10,'江苏省',320000,1,'JS'),(11,'浙江省',330000,1,'ZJ'),(12,'安徽省',340000,1,'AH'),(13,'福建省',350000,1,'FJ'),(14,'江西省',360000,1,'JX'),(15,'山东省',370000,1,'SD'),(16,'河南省',410000,1,'HN'),(17,'湖北省',420000,1,'HB'),(18,'湖南省',430000,1,'HN'),(19,'广东省',440000,1,'GD'),(20,'广西壮族自治区',450000,1,'GXZZ'),(21,'海南省',460000,1,'HN'),(22,'重庆市',500000,1,'ZQ'),(23,'四川省',510000,1,'SC'),(24,'贵州省',520000,1,'GZ'),(25,'云南省',530000,1,'YN'),(26,'西藏自治区',540000,1,'XC'),(27,'陕西省',610000,1,'SX'),(28,'甘肃省',620000,1,'GS'),(29,'青海省',630000,1,'QH'),(30,'宁夏回族自治区',640000,1,'NXHZ'),(31,'新疆维吾尔自治区',650000,1,'XJWWE'),(32,'台湾省',710000,1,'TW'),(33,'香港特别行政区',810000,1,'XGTBXZQ'),(34,'澳门特别行政区',820000,1,'AMTBXZQ');
/*!40000 ALTER TABLE `bc_dict_province` ENABLE KEYS */;
UNLOCK TABLES;

--
-- Table structure for table `bc_image`
--

DROP TABLE IF EXISTS `bc_image`;
/*!40101 SET @saved_cs_client     = @@character_set_client */;
/*!40101 SET character_set_client = utf8 */;
CREATE TABLE `bc_image` (
  `id` int(11) NOT NULL AUTO_INCREMENT,
  `hash` char(32) NOT NULL,
  `type` tinyint(3) NOT NULL,
  `size` int(11) NOT NULL,
  `width` int(11) NOT NULL,
  `height` int(11) NOT NULL,
  `path` varchar(200) NOT NULL,
  `create_time` int(11) NOT NULL,
  PRIMARY KEY (`id`)
) ENGINE=InnoDB AUTO_INCREMENT=2 DEFAULT CHARSET=utf8;
/*!40101 SET character_set_client = @saved_cs_client */;

--
-- Dumping data for table `bc_image`
--

LOCK TABLES `bc_image` WRITE;
/*!40000 ALTER TABLE `bc_image` DISABLE KEYS */;
INSERT INTO `bc_image` VALUES (1,'6d2fe336ae1b69c2cb6693a664715596',2,18441,480,360,'images/2015/09/08/14417047822203.jpg',1441704783);
/*!40000 ALTER TABLE `bc_image` ENABLE KEYS */;
UNLOCK TABLES;

--
-- Table structure for table `bc_member`
--

DROP TABLE IF EXISTS `bc_member`;
/*!40101 SET @saved_cs_client     = @@character_set_client */;
/*!40101 SET character_set_client = utf8 */;
CREATE TABLE `bc_member` (
  `id` int(11) NOT NULL AUTO_INCREMENT,
  `mobile` char(11) NOT NULL,
  `nickname` varchar(120) NOT NULL,
  `create_time` int(11) unsigned NOT NULL,
  `last_login_time` int(11) unsigned DEFAULT NULL,
  `status` tinyint(1) unsigned NOT NULL COMMENT '用户状态 0：删除  1：正常 2：被屏蔽',
  `session` varchar(50) DEFAULT NULL COMMENT '模拟session',
  PRIMARY KEY (`id`),
  UNIQUE KEY `mobile_UNIQUE` (`mobile`),
  UNIQUE KEY `session_UNIQUE` (`session`)
) ENGINE=InnoDB AUTO_INCREMENT=2 DEFAULT CHARSET=utf8 COMMENT='会员表';
/*!40101 SET character_set_client = @saved_cs_client */;

--
-- Dumping data for table `bc_member`
--

LOCK TABLES `bc_member` WRITE;
/*!40000 ALTER TABLE `bc_member` DISABLE KEYS */;
INSERT INTO `bc_member` VALUES (1,'15821253928','pwstirkc',1441814400,NULL,1,'aTIweXNiZ2N4d2hwbzQ5aTc=');
/*!40000 ALTER TABLE `bc_member` ENABLE KEYS */;
UNLOCK TABLES;

--
-- Table structure for table `bc_sys_user`
--

DROP TABLE IF EXISTS `bc_sys_user`;
/*!40101 SET @saved_cs_client     = @@character_set_client */;
/*!40101 SET character_set_client = utf8 */;
CREATE TABLE `bc_sys_user` (
  `id` int(11) NOT NULL,
  `account` varchar(45) NOT NULL,
  `pwd` char(32) NOT NULL,
  `create_time` int(11) DEFAULT NULL,
  PRIMARY KEY (`id`)
) ENGINE=InnoDB DEFAULT CHARSET=utf8;
/*!40101 SET character_set_client = @saved_cs_client */;

--
-- Dumping data for table `bc_sys_user`
--

LOCK TABLES `bc_sys_user` WRITE;
/*!40000 ALTER TABLE `bc_sys_user` DISABLE KEYS */;
INSERT INTO `bc_sys_user` VALUES (1,'admin','1042b228a31522b81ecd262db45a2970',NULL);
/*!40000 ALTER TABLE `bc_sys_user` ENABLE KEYS */;
UNLOCK TABLES;
/*!40103 SET TIME_ZONE=@OLD_TIME_ZONE */;

/*!40101 SET SQL_MODE=@OLD_SQL_MODE */;
/*!40014 SET FOREIGN_KEY_CHECKS=@OLD_FOREIGN_KEY_CHECKS */;
/*!40014 SET UNIQUE_CHECKS=@OLD_UNIQUE_CHECKS */;
/*!40101 SET CHARACTER_SET_CLIENT=@OLD_CHARACTER_SET_CLIENT */;
/*!40101 SET CHARACTER_SET_RESULTS=@OLD_CHARACTER_SET_RESULTS */;
/*!40101 SET COLLATION_CONNECTION=@OLD_COLLATION_CONNECTION */;
/*!40111 SET SQL_NOTES=@OLD_SQL_NOTES */;

-- Dump completed on 2015-09-11 14:31:28
